Name,Employee_ID,Birthday,Label
Mrs. Dawn Benitez,Ipvwz@c\,1998年06月29日,0
Rebecca Fox,"z`"">""xzu",06/19/1984,1
John Sanford,>-K-r<b<,11021995,0
Samantha White,7;_&89P|,89年02月27日,2
Natalie Brown DDS,&WMD8~p?,1970/05/07,2
Raymond Fleming,+K%d--h&,1969年01月23日,2
Scott Ballard,y`tz'Xt`,11-19-1963,1
David Wood,X_Ow-P57,1980-07-30,1
Gerald Roberts,[;~`H^=\,中華民國79年08月13日,0
Zachary Cohen,"0[2pqSk""",09-08-1979,1
Ryan King,/JH]QN|u,/12/21,0
John Taylor,@`qS'z[R,中華民國87年12月13日,2
Randy Davis,_YmnTj4n,051066,0
Carlos Fletcher,Ho)u4^7e,1966年02月08日,1
Meagan Stevenson,+%;K44la,20020727,2
Sherri Moody,.`9m)[$#,880221,2
Jacob Lowe,+aay:E=h,19870518,1
Jason Jackson,JO6_#HMX,民國70年06月16日,1
Heather Garcia,>@$&6Drd,04/30/1972,2
Rachel Torres,H:R;TSO5,10/12/63,1
Joshua Jackson,p{IIe8[n,01-11-1997,1
Robyn Cisneros,>`7!}/fW,68-07-09,2
Martin Moreno,@uA\pkR1,04-11-1987,1
Julie Johnson,5Qja5G+0,051967,0
Terri Baker,LnRJaH8H,1999/02/18,1
Kathryn Lowe,)(YyNmGJ,06142001,1
Patrick Smith,.mY.I`1c,01/31/90,0
Jessica Graham,T5u[wYjB,10/24/1987,1
Craig Banks,"h,$gV@Qq",01/28/1966,1
Ricardo Jones,<Ex@@/Gg,09/22/1962,1
William Garcia,wK.hjlVC,03-05-12,2
Breanna Herrera,KY</n<^\,1966-03-12,2
Francisco Thomas,+Cq6J`l1,/01/31,0
Christopher Sullivan DDS,C71I7)^_,1975/02/15,1
Mrs. Madeline Shaw,"Y9t`/xt""",02251969,1
Kristy Mcpherson,z!@VY-F=,11101995,0
Robert Nicholson,"|""Ce3B\p",08-29-1978,1
Anthony Warren,7Igc2Ehy,1971-12-18,1
Anthony Green,k@YnW^9@,710609,2
Justin Hamilton,[shG'49N,1986年08月24日,1
Joshua Chan,vcuDZxw&,120569,1
Brian Mcgee,_o\<IZR.,1970-09-15,2
Raymond Howard,CysnWD&x,04/17/94,0
Tracy Wright,L{Yly/WY,1980-12-18,0
Travis Williamson,"Ta;/hwI,",06-05-98,1
Michelle Williams,s[:AX+&a,1997/07/28,2
Benjamin Wilson,mzIHV3@',01211988,2
Jason Clark,?FlC:x|a,08/27/04,0
Kristine Fry,Xh7fA|9r,民國59年02月03日,2
Stephen Allen,Q*e]#hN(,80年10月27日,1
Lisa Alexander DVM,G)fX2^DJ,1984-11-19,1
Stacy Pittman,r`Rf<[+w,011294,1
Glen James,.W_m}LO(,03/07/1965,0
James Hernandez,I5No/8-*,95年11月03日,1
Kristine Bowen,lG[;l45?,03-19-91,2
Jason Wilson,@+g/m[YF,1995/12/05,0
Dawn Lopez,#{:n~K52,1979-11-21,0
Donna Watson,"22>#P+C,",04081970,1
Lisa Terry,Ca#+2R.;,/10/04,0
Ann Black,"-tAM""7(Z",01/06/71,1
Nicholas Jones,&u]'_<OZ,1976-03-17,2
Kelsey Carr,"j':Nt""5^",1958-04-04,1
Wendy Pineda,v%Moe;v+,1974/01/06,1
Dawn Smith,<cDa^0;o,中華民國72年02月16日,2
Sarah Johnson,3^iECF0%,1982/08/18,2
Kevin Matthews,Vf.SB1SD,民國73年03月01日,1
Melissa King,Wt*|/ovF,10/12/1978,2
Morgan Dunn,/}wLylxl,中華民國70年04月04日,2
Deborah Cruz,"^@d""puhr",2004-07-09,2
Mary Travis,k8^ovp-Q,/03/26,2
Shannon Baldwin,'6)OjmG|,01/27/1984,2
James James,yXDaF]+t,1967/05/29,0
Patricia Scott,"&!,Gs\Gm",19980330,0
Peter Johnson,Vb.eNo:<,042885,0
Sandra Boyle,'3{Er0Pu,1984-05-21,1
Jeffrey Rogers,r.cWo\.O,1963年03月13日,0
Andre Jones,"T#j""j!kS",10272003,2
Mark Ray,>}RBq_(?,10/23/1984,2
Leslie Weeks MD,;<(-|[<H,12/25/81,0
Christopher Aguilar,sI7OWx%i,12222002,0
Noah Horne,")w,5'tb>",03年09月25日,2
Lisa White,<e(2l3iv,1970年05月06日,2
Gerald Ball,_0|L-.l5,中華民國00年08月19日,2
Jonathan Soto,#6uyz{7J,1994/12/19,1
Matthew Palmer,V;>fVrpl,1991-06-17,2
Brandon Owens,qLl>Zg7b,民國88年07月27日,1
Jimmy Smith,}I#Ot?@T,11/20/1987,2
Natalie Good,_32T^H??,2004/08/08,0
Jose Miller,H=o<t}P/,05/15/1979,2
Sherry Villa,:M?U8%U!,06-03-1998,0
Erin Rodgers,"xqU-aV/""",09/11/1988,0
Audrey Stewart,{+wUjDL[,77年11月12日,0
Tina Perkins,w.yn/~51,1995年01月23日,2
Angela Quinn,p7kaPE(~,1965年02月13日,0
Joanna Mccann,QpQvlNHw,12081965,0
Shelly Fisher,`cq9K(d~,10-19-1999,0
Denise Williams,e*Y1:6%],03/19/1985,0
Richard Allen,l<c;P/=M,01031966,1
John Chung,":!""BWz+&",1968年03月07日,0
Richard Mercado,O7~9@r&u,2001/05/02,0
Todd Garrison,%Vm(?BuU,1980年12月08日,2
Danielle Huffman,H+PACf8V,1962年05月28日,0
Abigail Waters,"xP,kpB@w",81-06-01,0
Sabrina Allen,"&4""/u#*@",民國02年06月11日,1
Daniel Anderson,#s7qs*h5,民國96年08月26日,0
Paul Pratt,;sO=zcr1,05241990,2
Mandy Jones,~EX]^|CO,中華民國84年09月11日,0
Charles Martin,|8CE9fZ<,12-23-76,0
Bryan Vance,_;>h8.$T,1998年01月20日,1
Justin Carroll,7s\k~>5},08/17/1969,2
Mrs. Lori Wilson,"r`Txp#H""",670525,2
Anthony Walton,Fn?2]=]0,01/08/1965,0
Steven Page,;{[SC=w],1972/08/25,1
Micheal Liu,6d2x[-ks,中華民國80年12月21日,0
Mr. Adam Donovan,b{oYpf-',12-09-1968,1
Timothy Winters,]2t2DrhE,中華民國70年11月23日,0
John Gonzalez,v3+$=e_n,19901230,1
Jacqueline Fischer,6L%P!F9@,04/10/1985,0
Elizabeth Lee,"?m,B#]TU",1995/01/31,1
Wendy Hudson,5zu`gkkn,1969-03-28,0
Nicole Hart,?iw{={Y),68年02月21日,2
Paul Perry,{5!~=so(,民國99年11月04日,1
Victor Ortiz,"?Fc,tWZg",/08/13,1
Brittany Fisher,O8Qm8#Y9,1984/06/19,2
Anthony Marks,Fq-bwM[w,012305,2
Justin Martinez,ucRC_bnS,05-16-83,2
Victor Winters,!9b@<#N7,2002年01月27日,0
Catherine Harding,YbyJ]L%$,1984-04-28,1
Kimberly Gonzalez,^*IxI~sG,06-04-1984,1
Joshua Lawrence,fScH;ax.,19741201,0
Sheri Farmer,R(]bJ+lU,08/07/58,1
Jonathan Nguyen,w~I>PsY!,02102002,1
Nicole Thomas,CV$Bm&N-,17-06-1970,0
Rachel Hanson,)vT'q9\N,65-07-30,2
Nicholas Gill,K99plqh),101061,0
April Moore,"v=Opuz,g",中華民國59年08月14日,0
Hannah Long,E'aqh1bV,12/21/1978,1
Perry Mclean,PU0V~CqH,2003年06月15日,0
Lori Garcia,LA;1^b5a,980919,2
Johnny Rodriguez,rzl+W|`|,02/27/1997,1
Miranda Gray,Fpz58KEO,/07/30,2
Luis Pierce,r1[Wy;[\,1998年05月02日,2
Annette Gonzales MD,V|ZSZCF(,12171967,1
Brian Hawkins,y`P3N)f^,1989/07/06,2
David Rodgers,k0U[4p#?,1961/10/14,0
Janice Rodgers,/%h0?0NF,06291992,0
Sydney Patterson,u}s_}a^4,00-05-28,1
Michael Smith,",VCgZrf#",08-31-1996,0
Miranda Franklin,@w.:-[D<,07051983,1
Elizabeth Howell,/LxigPSl,10-04-99,1
Robert Brooks,IP~MR|]},62年08月18日,2
Ricardo Everett,=_4`[72$,2004年08月20日,2
Christina White,y;N/e%|e,1986年05月14日,0
David Edwards,I{\2wl8],19770725,2
Stacy Rivera,T)JxuSN2,民國67年11月25日,1
Patricia Mckinney,_==y*aQ2,民國94年02月03日,2
Alex Baker,3$#o:Qh^,10201983,0
Joshua Reyes,5JV+W&Th,1960-12-25,0
Philip Spencer,"G!Z4050,",01/30/97,2
Sean Burgess,{|Y2BuER,1989年08月16日,2
Amber Odonnell,v3*>t#S<,/02/16,0
Noah Cooper,to~{s#/0,民國77年09月25日,2
Kristina Moore,*wWw|xQ+,12-25-1998,1
Alejandra Mills,v05wG/;],03/28/84,2
Nicole Smith,"+OWf,aKq",06031987,0
Robert Chavez,"F\&s~r!""",17-05-1966,2
Peter Roberts,1[9_:xze,78-09-01,2
Patrick Jenkins,;{<%I9Fb,01-18-66,0
Kevin Hartman,S51Z~t(r,95-03-21,1
Matthew Johnson,Db@31!7e,10/05/1959,0
Brandon Smith,Dz!~0)/*,1998/12/02,0
Scott Morris,lfJOQ_gO,07/18/1981,2
Lori Hamilton,]&h6Yzr0,民國68年05月31日,2
Lydia Ramirez,w)Eb4pnK,10181975,2
Shari Weber,y\G9|A7v,02/03/1972,2
Jason Nichols,"4iP4""C6z",78-03-26,1
Luis Dunlap,mgd=Y7kI,1979-12-25,2
Stacy Mack,MmV3^?G%,1959-01-21,0
Darin Lee,|eBc)Pi;,01011977,1
Kiara Lee,"A30Ny""A=",03161991,1
Tina Rojas,es:i\ra',08211972,1
Christopher Orr,"30qMK,M^",民國66年07月11日,2
Phillip Jackson,")Y^,p3A.",民國95年10月10日,2
Nathan Zavala,zbf3KWXF,1970-03-16,0
Lauren Walters,ndB{`]#s,01-18-99,1
Mrs. Megan Bailey,[XW5Gh8?,2002/03/05,0
David Schultz,\+0:lYN<,19-12-1965,1
Marc Castro,P&2GnAuR,11-05-1987,0
John Perez,kJ|L/B1j,800107,2
Michael Evans,xd[Cux$',03011973,1
Victoria Brewer,o[1v?Zgr,1977年09月04日,2
Stacey Green,H)B88j-},040196,1
Mary Lopez,Acy^_@UI,1967/01/14,0
David Banks,"v}E!.E,l",112189,2
Matthew Brown,|BS5<TYN,06/03/2001,0
Julie Evans,z>GY[5lK,12-08-1960,1
Jade Ward,"C\piSr9,",04201989,2
Zoe Gibson,96^|#V!f,/07/29,2
Travis Freeman,D$|5ya6.,99年01月16日,1
Carl Huynh,B[/)Jt1N,1983/02/14,1
Matthew Baker,MvQ<2ofV,08242003,0
Michael Johnson,"'j$("".J[",60年03月24日,0
Cameron Martin,$t\?b4tP,19631021,0
Leroy Cox,3M!H851E,85年01月25日,1
Greg Baker,{QQSr^_`,91-08-27,2
Michael Wilcox,H5R^{YHR,12-12-99,1
Kenneth Campbell,EZ1E(^c#,1960-02-22,1
Veronica Watts,6Yk.jVj%,02-02-05,0
Andrew Castillo,"=axW$U\""",1988-10-05,0
Joshua Murphy,yp+X;q}h,84年05月15日,1
Laura Brooks,eRo1xdMJ,1961/01/21,0
Thomas Green,$J[B>}Ql,民國69年09月19日,0
Jessica Ruiz,"Mv#`R@b,",710204,2
Sean Martin,"<@kw""$#w",05021966,0
Terri Moore,2f)]X.ZG,1963/11/06,1
Gregory Mcgee,"}cI""t]c!",中華民國84年08月26日,0
Brian Smith,KXS*IHI],20-07-1995,1
Samuel Collier,-%[3cpg\,/08/05,0
Tina Rose,.vWZ>6{\,07291978,2
Jacob Cohen,a#P+CrH0,76-03-20,2
Christopher Price,zcADJl%@,790922,0
Stephanie Johnson,Oqy]T/]#,民國93年02月20日,0
Paula Spears,W#QM{{Ip,民國04年11月23日,1
James Eaton,EK#e=>MQ,05-14-1994,1
Robert Stafford,<y#i^78_,04-04-1991,1
Sydney Baker,"]A""G:9GM",12191961,2
Rebecca Gay,f$LFbUe$,07-24-71,0
Vincent Wright,SIdP4mt9,1989/05/12,1
Jason Ruiz,"gnMW]<,s",1996/05/25,1
Patrick Douglas,!-MC=K8#,04-25-1981,0
Bianca Cook,&TU72lF+,73-02-22,1
Sandra Ellis,^aa^jT(H,740216,1
John Lloyd,x&&?+jc`,10-29-1965,1
Jennifer Drake,^<V_t0ou,08152001,2
Dr. Catherine Douglas,@}/qb#KG,19801230,1
Mariah Tanner,"""dxLsB""Y",04/23/1963,2
Cindy Brown,8%pT{SMf,03/23/1959,0
Maria Castillo,ZAxMes*C,1999-12-04,0
Philip Colon,ob^7X9zY,中華民國89年01月04日,1
Michael Miller,%a-/|UdY,030166,1
Nicole Williams,F#f01t]F,08252004,2
Cody Chen,H{l4Ic(`,021388,0
Paul Davis,"56S@y|,q",860402,1
Casey Ball,zbXS8:a>,1984年09月24日,0
Melody Burnett,!?eV'gL8,民國89年03月05日,1
Carly Walters,#AOwV(m_,04/20/1964,2
Carlos Morgan,?\D!>6fG,19911112,2
Christopher Ellison,P;2nAGJh,1996年08月12日,0
Kathryn Contreras,wUrlw_%C,92-06-10,0
Rachel Bell,JS^NHvgr,080158,1
Blake Lyons,<:c}4NnY,19660820,2
Jeffrey Mcmillan,wf@1xIC#,05012005,2
Michael Nguyen MD,b+]EZrPg,1980/05/11,2
Adam Griffin,'i8i+3x5,08/27/2003,1
Sarah Smith,",k6c[p9Y",691003,1
Ruben Brooks,8:QkH(#H,23-03-1988,2
Jamie Moore DDS,0MXVP%6b,04291979,0
Mr. Hector Jennings MD,RM1Xvrm5,90-08-31,0
James Reed DDS,`'V$FmU\,012776,2
Anna Oconnell,z%2yao7e,03291968,1
Justin Stevens,.EwMCSPP,60年11月06日,1
Mr. Joshua Snyder,ShG(*1uQ,04-28-73,0
Austin Holmes,-Qk:*WEC,03/10/1980,2
David Thompson,"""t?I`jRB",11101982,0
Matthew Lucas,q})EG8O&,1978/10/31,0
Lori Neal,*o\NkUw0,民國00年12月10日,2
Eric Myers,q-(-cZ`*,1981年06月28日,1
Charles Webb,zj8cm?Qj,91年07月24日,0
Adriana Wise,"?""gJa3Hi",1992年11月24日,1
Emily Neal,\=/Kn^E;,/01/23,1
David Green,"l,,332x:",/12/21,2
Austin Ochoa,H$Ve.EKl,11251965,2
Keith Robinson,F(0*(*if,57年11月17日,1
Richard Hernandez,u(fYYCZf,1968-07-07,1
Claire Alvarado,)6I~I8b(,04-02-1990,0
Joshua Mccarty,"Q,(qs!zx",73-10-22,1
Sharon Brady,q~\V#`a8,1974/01/05,2
James Moreno,uucou8a8,1967/05/23,1
Brandon Stanton,mts=}%p`,040504,0
Kyle Krause,L[M5-lC%,1996-10-16,0
Brandon Harmon,NFl1_$a[,08-27-1968,1
Angel Small,"PpZ-^y""U",中華民國04年11月04日,2
Kimberly Johnson,NHR&jC?e,051788,2
Brian King DDS,|r(ZqAj2,2003/10/17,2
Elizabeth Scott,tMa%\Shy,12/30/1969,0
Kenneth Anderson,~h^h1QXH,08/31/1988,0
Joshua Moore,(IlG}6Qf,1978年09月16日,0
Lauren Rodriguez,^(6d>hp1,1995年06月22日,1
Brian Avila,cZwX0=xS,06/20/1990,0
Dustin Wallace,j`p9>D6&,1972年10月08日,0
Jessica Kaufman,/LrQ}J%0,10201962,1
Christine Jackson,'RULv&F[,28-09-1967,0
Jane Todd,HM'ogH8>,19600522,1
Matthew Wright,)p$jX@rq,020693,2
Melissa Sellers,[1M+[@4+,民國03年05月05日,2
Stacy Harrington,uLvrym\R,11-28-59,1
Katrina Young,V$aqNDh=,84年03月21日,2
Michelle Gardner,e{*GL/i=,1975-11-18,2
Karen Yates,ZklPF|dO,02-16-1960,0
James Lozano,"""@GV+|3}",02-24-1989,2
Monique Sanders,!ThrIJ2{,1976年01月30日,2
Andrea Clark,Y:Z45FTL,中華民國84年11月30日,2
Jordan Guzman,"aF""9V0}""",93-05-09,0
Jeffery Pearson,dLMFTVD!,06/18/1984,0
Edward Flores,Y%<g_iW9,02-06-1984,2
Jeremy Garrett,k6MF2KRy,831119,1
Kristy Jones,X9Z#v*K@,1980-08-03,0
Linda Richardson,^Vx1Sy~k,03-17-96,1
Kyle Lester,q8g_{i?3,03/16/1964,2
Jessica Branch,E+iq=JU$,06-06-82,0
Sarah Rosario,IW&`51cG,1963-09-24,2
Christine Burns,"j|~b,=cn",11131971,1
Steven Montgomery,u_:rD:qd,19850718,2
Randy Johnson,.7v\K2ve,58-05-28,1
Roger Nguyen,Sx%>e2#^,/01/13,2
Angela Davis,pJ]aPZPH,19981104,1
Amanda Sims,~{.x?JSI,中華民國70年11月02日,0
Kaitlin Grimes,TC2wJ'tz,1978/06/08,2
Jared Armstrong,"1Up]A,'|",中華民國63年06月30日,2
Christopher Brown,\2ws&N^Z,/05/14,2
Kristen Williams,"#9.A[Uy,",19810711,0
Ashley Ellis,"sv"":D;!g",08/31/1958,2
Teresa Ferrell,.n1M8AIX,02/26/1978,0
Trevor Thomas,eTgk!zh',1968年05月16日,2
Tammy Cabrera,7h8FoI/x,26-11-1983,0
Gary George,gO-AqUqu,1977/01/18,0
Shawn Ochoa,zGXDL_\w,16-11-1964,2
Ashley Perez,7!]Am+lU,08/15/1980,1
Dawn Martinez,)u=+q.'T,03/02/99,2
Jamie Moore,-6HI#'.o,民國92年02月19日,2
Cindy Olsen,)mE_mrq_,18-06-1963,1
Dr. Kendra May,(0/Xqq>;,1977-10-04,2
Kenneth Crosby,->fB5jTC,03251981,2
Katherine Velasquez,pFnqn/>t,93年07月13日,2
Colton Keller,pA#!2+>F,03-07-98,1
Joshua Bennett,9]IMq.bl,08/28/1972,2
Shelby Walker,wE04&:x>,80-07-19,0
Christopher Williams,o)V-^u;g,中華民國69年11月14日,2
Madeline Summers,"(-rP1,}d",13-03-1970,2
William Gonzalez,pL.08Qc=,98年04月13日,2
Christine Jackson,-Ak3Zf)0,02-19-1963,1
Michelle Walker,.0=<<v$_,/02/21,2
Renee Peters,tZh/~w)9,06-22-95,1
Kathleen Wong,<x8Tt$48,96-03-24,2
Kathleen Horn,+f#}G9X),122168,0
Daniel Nguyen,"%wa,C0)N",02-09-1992,1
Michael Lynch,IDTN>uj`,73年01月07日,0
Melissa Mcdonald,"X+_5)0,_",93年12月20日,0
Angela Johnson,"5`iK0""?H",73年09月17日,1
Sharon Reeves,S.]j1~3G,02271966,2
Jeffrey George,"""3=t,.$0",/01/11,0
Ashley Collins,"""a{/@>Ti",03/18/67,2
Gail Serrano,AC\{5z8i,11-19-1975,2
Richard Sanchez,iLV=*Q)3,61年12月05日,2
Gregory Parker,1?4Bbo>F,02-12-1972,1
Dale Young,AzBKDQ1.,1959-10-06,1
Justin Howard,}UhjtAJ{,10/15/1996,0
Andrea Scott,8Ff{3yD+,1962年05月02日,2
Sean Jones,(I:}SVRD,1965-12-02,1
Christine Lopez,%L3[9gxj,03-04-76,2
Lisa Brown,RZ}!{gp8,1978/11/27,2
Laura Moran,"-]Muvz,w",03042003,1
Carol Smith,F|cIx'7],07/01/81,0
Kathy Kirby,y|Foy:h\,1976-02-07,2
David Richardson,"PWe(E`""t",02-20-1982,1
Kaitlyn Parker,`.$Yp8.L,1989-03-29,2
Jay Brown,r(a^tvFz,09301958,1
Edward Parker,hL%QrMG1,70年10月14日,1
Jessica Wright,[%&plA:E,20050620,1
Lance Johnson,_8H;8JkT,06/18/1980,0
Bradley Scott,"4%&mfd""^",860331,2
Ashley Bennett,|NU^J|VS,1980/01/20,1
Dominique Smith,"|T21""o.v",08/02/75,1
David Smith,"%nPToH,^",20010901,0
Anthony Greene,_uB\U897,09-28-87,1
Jeffrey Conway,nRpYw[iV,61年10月22日,0
Tony Lewis,7Sdp)BS>,/08/27,1
Jimmy Cole,?Ab2F>-B,民國63年03月24日,0
Dawn Booth,"tWhV,2&;",06021980,2
Michael Adams,G[-dN:gN,74年05月16日,1
Stacy Moran,C|O2>w7K,09-25-1972,0
Jeffrey Henderson,#Qe1U5vo,09-10-1978,2
Jeremy Wallace,"3'W?`1U""",16-07-1971,2
Gregory Taylor,k\rO:b.M,01251977,1
Tracy Lambert,"8s%j>t,L",06-07-61,1
Patrick Weber,6RwjtA0{,06-16-1998,1
Tyler Williams,@k9t\=fp,民國87年01月10日,2
Caitlin York,!*[.~$%=,08-10-86,2
Donna Cruz,N5g|@jr1,790426,1
Chelsea Rogers,r:j!ICu^,09-29-88,0
Christine Adams,PhV6{Ihn,民國67年03月26日,2
Robert Davies,"PIEIN`,*",01-25-87,0
Madison Duncan,QkWcze8q,62年08月08日,0
Anthony Ingram,"gIOJ!k""9",2005年03月19日,2
David Flores,N1Ta%qa.,11/05/1990,1
Danielle Shea,(+7Sw>cU,29-06-1992,0
Jennifer Fleming,e@TI6\11,05/13/81,2
Harold Sanchez,>wv3TUYq,04-02-1989,0
Rickey Johnson,s`;Ggmgk,07-26-59,1
Patrick Cain,yL+zLe5@,10301992,1
Gina Cole,D;4C5O&V,88-01-17,2
Laura Richards,">q1,cqd[",04201962,1
Christopher Perez,?8usCko~,85-03-08,2
Emily Crane,UF=!=u`w,19931203,0
Richard Williams,FB]*hkR=,01-08-03,2
Madison Leon,h<CaJ(qi,民國71年04月23日,2
Jeffrey Yu,Z964<i\H,12-23-1989,2
Nichole Hensley,1{dL;#)m,641017,0
John Best,"~,P<S>v=",04-18-1958,2
Deborah Livingston,=uo{{-v>,90-10-11,1
Cynthia Murray,+~Xsw(@h,58-10-03,0
Tamara Gonzalez,FX>*y^Jq,610118,0
Kathleen Parrish,"3wJ$nC""X",04/07/83,1
Pamela Walker,fF+yF|&>,10-28-1994,1
Alicia Kelley,7cL4y+yX,06/09/1996,1
Alyssa Nelson,+FRla==t,11-02-1999,2
Jack Cain,`N?k|R^(,1976-10-28,0
Courtney Miller,w&={O*z|,1994/05/23,1
Aaron Harrington,-2v&DqF.,020989,1
Mark James,gbUyV)Mo,07-02-2001,2
Emily Wolf,"P_.^,z8y",05/07/1985,0
James Giles,$<\Pbk\S,中華民國64年01月03日,1
Ethan Blevins,G>]Z(q3{,1977-06-28,1
Amy Mills,"A,6X:'6=",1992-01-18,0
Wanda Garcia,2+DFyrZ=,19630812,0
Mr. John Shaffer MD,s|Bezy\$,92-08-18,1
Jason Garcia,0xWU%_+O,2003-08-31,1
Kayla Bennett,"au[""gR}\",1981-10-05,1
Russell Sanchez,Yu($)~#>,01162002,0
Evelyn Brooks,<(q<T:&?,06/27/84,2
Dr. Jennifer Scott,"""%2)A.jb",87年07月03日,2
Angela King,J1M)ihwr,10261964,1
Janet Smith,Dl~pXP%],02261962,0
Alexander Reyes,?e$'RKA0,1994/04/04,0
Anne Flores,Q(!AGm;d,1977年04月15日,0
Craig Turner,8Rl:wqHK,11/03/86,0
Jennifer Lopez,%R!R~WO{,29-07-1990,2
Jennifer Smith,wVpTLv)2,00年02月28日,1
Alex Henry,V/;R)+<E,01-11-1959,1
Danielle Brown,cpVg}RcW,11-25-1961,2
Luis Hunt,+z'R;$[m,09/15/1982,2
Wendy Acosta,V0UGm11M,1961年05月12日,2
Mandy Schmitt,#b]tp)Ht,/11/27,1
Troy Williamson Jr.,r#V'i'T<,中華民國88年01月20日,0
Angel Shannon,5v~BWGD&,72年08月15日,2
Stephanie Tran,FD!exYe-,19620926,0
Ryan Harris DDS,6lwzSHTn,/09/19,1
Brittany Marshall,+PJ$to6<,09-16-1993,1
Amanda Day,!nsU>tO#,08/06/75,2
Paul Carey,2Ndtc~PR,11-06-2003,2
Trevor Braun,d%:k4X4Z,02261959,0
Jennifer Brown,*r.x}ww+,1996年12月21日,0
Sarah Page,gc0t$a=+,11-02-1989,0
Luis Buck,Ik;{W[~j,05-17-1976,0
Darrell Avery,&Kc0rUT&,11/19/03,0
Marc Brown,!;-IZMM+,06-16-2001,1
Cassidy Navarro,mpt5cSHr,1988-06-01,0
Kimberly Colon,bZ9{Jo4J,030104,2
Glenda Roberts,sw1xGRZ{,1996-04-23,2
Lauren Conner,l-&Ab~<C,1990/05/19,1
Deborah Love,^&6GnWkO,民國82年09月30日,0
Carl Parsons,6B#[%{yi,中華民國97年04月19日,1
Christopher Vasquez,*<QitIWi,62年01月30日,1
Darlene Obrien,+1{N=dEh,04111962,1
April Stewart,HC~/t/P!,06-25-82,0
Lisa Hull,",rOP|t^q",70年11月12日,1
Christopher Guerra,P;tR:f3p,11191994,2
Rebecca Reyes,Go^@+L!j,07/24/1972,1
Chelsea Olsen,%pPb^B*),05/06/1986,1
Alexis Rodriguez,vZg(U~p!,03/05/1975,0
Dillon Lee,XhWNTv2Y,10-04-1965,2
Anna Clark,@{o{m-q;,05/08/1986,1
Ms. Judith Webb,03ahY]1<,中華民國57年11月23日,1
Thomas Johnson,LxqY;`p<,02-13-1964,1
Thomas Thompson,gu1n#|k9,02231987,2
Nicole Adams,+L%Rt]ZW,1974/03/13,0
Kathleen Griffin,//6*mI{=,751113,0
Jennifer Flynn,)[lG@miK,06/28/66,0
Sandra Mack,jQ1J]ZOf,10/03/01,1
Jennifer Jones,XGqdudi?,14-02-1981,1
Anthony King,%6mn:0[~,11/02/1977,1
Elizabeth Jones,ZgaKB}zE,110775,1
Jason Rush,FC[5jWix,1973/10/18,1
Patricia Dixon,"""]{1%!3q",76-01-04,1
Kevin Curry,4V{#0!B4,66-04-14,2
Riley Crane,ByYvnE!b,19820128,0
William Dyer,vV;daf+7,07091983,1
April Johnson,iHw(iw:g,05-15-83,0
Dillon Munoz,"5E>$o:I,",12172004,1
Donald Green,>vONqB6Y,60年08月08日,1
Haley Delgado,JxzPPQ@/,02/13/1989,1
Eric Sanchez,7{&;8Bi{,08-06-02,2
Deborah Jones,2nE<!`52,1982-02-23,1
John Lawrence,zl0LB%HJ,900920,1
Kelly White,ZeMcSwL7,民國90年06月04日,0
Paula Collins,n|+YTpQK,1975/02/09,0
Janice Curtis,{!>.9;_X,07072005,2
Alexandra Wilson,#%{?`f9~,19791207,2
Kimberly Guerrero,[VG%~Cv),08/17/03,2
Gilbert Green,AbkGb^5/,中華民國59年01月31日,0
James Duncan,vSc.|==K,06-09-1977,1
John Smith,"mdjYC,HL",11/26/64,1
Derrick Johnson,I)lK5@PX,820302,1
Johnathan Rush,`sgDpYj=,中華民國99年01月31日,2
Gloria Johnson,dL1+00DV,07-16-1992,1
Kristen Gonzalez,'tuha:{`,08/12/1970,2
Richard Williams,%QIomTfg,090560,0
Raymond Barnes,wR1/xfD2,01/18/93,0
James Maxwell,|stv*9)V,08-13-2001,2
Christina Robinson,te7egzJs,12-10-1975,1
Lisa Stevens,LQhF3E'L,10/13/1957,0
David Peterson,}r>E~*sI,中華民國95年11月26日,0
Valerie Rogers,Vv;?e@eD,90-07-28,1
Pamela Martin,"xd,Jd@m.",中華民國60年12月29日,0
Scott Lara,"3k?Jt<e,",042678,0
Kimberly Burns,",z,0!AVg",11-23-1991,0
Mrs. Cynthia Taylor,"$J,9%^bw",06-16-1960,2
Alexis Wong,"2E&DU`,7",941030,2
Eddie Meyer,",-!|%af5",1964/05/15,2
Dana Williams,"""yy#09yA",01171987,2
Gabriela Stanley,tZEYN!%l,/08/13,0
Lynn Walker,;XB8`if.,1993年01月30日,2
Juan Bradley,][=uzdTe,072959,1
Karen Blackwell,qX_JZ<>t,27-05-1972,1
Harry Faulkner,4pG4aGD},/09/03,0
Joseph Elliott,K9IK5:[(,民國89年09月12日,2
Jennifer Bailey,wtU.d>rP,1986-04-01,2
Oscar King,MQGm2aF3,1993-05-08,2
Elizabeth Guerrero,IA=6t[/.,中華民國61年04月23日,0
Marc Martin,Yw1W2FH/,1958/08/28,1
Joseph Kline,"U%,[ru={",06-08-1965,0
April Rivera,/BPvN!:e,19880526,1
Mark Jones,BN}Lo:1_,29-12-1966,2
Sarah Garcia MD,_?F~`D{p,07-06-1960,0
Marie Lopez,"/Gm3!br,",03/22/1981,1
John Barber,'wJ$@i8G,011399,2
Traci Wilson,R4p{J=<o,02262001,0
Steven Molina,g:${O}{6,1963/10/17,0
Susan Hill,JY--kUT$,19760216,0
Natalie Brown,;{q0BjWP,040217,2
Dr. Melissa Thompson,eWea`bo!,730730,0
Evelyn Payne,Tc4K_W0U,04161994,2
Jessica Gray MD,)_6L5wZM,60-02-23,0
Joseph Fischer,?j.t$^zl,07/22/91,1
Marcus Anderson,hPk.{!n-,830929,2
Shawna Davis PhD,=[{p1BZj,010860,2
David Young,"]L9MA""8w",10252004,0
Larry Tyler,kCT8;XE&,06-28-1958,2
Matthew Rivera,CL78&E`t,04/17/83,1
Amanda Martin,U:v4:^Wx,87-10-26,2
Sabrina Rodriguez,j=b'[V.e,20-05-1971,1
Todd Mccormick,"Nju6,jjd",1961/01/12,1
Lisa Gonzalez,"wLB""LzKj",051688,1
Jennifer Hess,(9{q9q9=,98年01月29日,2
Jerry Murray,"k,8""KW*%",111189,0
Aimee Anderson,Yb:B-eOP,民國70年07月13日,1
Alicia Campos,XWD4#3h>,100576,2
Jennifer Rivas,"M""}}-eCX",1983年07月08日,2
Audrey Allen,gOr:&@j[,1980年05月30日,0
Chase Kelly,cn4[`4^`,09-27-70,1
Michael Arnold,",Gi{=[kv",67年11月07日,2
Daniel Dyer,`%@EB_xd,10/02/00,0
Bryan Mack,Y._1v9#C,11021968,2
Randall Morris,sONDk5TE,民國03年03月12日,1
Eric Flores,"""#50ZUMR",民國99年08月03日,1
Katie Colon,@d%R/S*R,840210,0
Daniel Woods,"a+,R\9{J",08-01-2002,0
Russell Brown,W<Zk7dWr,1971-08-19,0
Christy Boyd,/PcpnD/p,25-04-1994,2
Melissa Miller,",G&/|ta}",1963年04月10日,0
Melissa Wright,"!i^yL,vY",74-01-06,0
Robyn Malone,UOY>JYXX,03/09/1989,2
Sharon Johnson,"$#W,.(t0",113073,1
Martin Walker,J[Gx(o4B,1965-10-28,2
Anthony Smith,NSi0-]=O,02年05月24日,0
Jamie Cooper,j]M?ODM6,02251963,0
Charles Gonzales,fj_ySJya,民國90年09月04日,0
Paul Reynolds,>U3HDc'e,1988年09月17日,0
Gina Ibarra,x#UK^6h\,05-01-21,1
Jessica Young,qAG-b:9f,15-04-1976,1
Jason Lopez,"'.k_,`>P",09-25-1964,2
Heidi Torres,.Tbv{MZT,12/19/1973,1
Pamela Adams,]R_6T@~e,31-07-2004,0
Morgan Brown,J`PTtITg,2000-09-25,0
Charles Case,+3J[|3Gf,05-05-2004,0
James Sanders,"=""6)d!PZ",02/08/2005,0
Matthew Davis,{K@ZRSqF,12/17/82,2
Ashley Brown,o|C`0fV<,09061973,1
Justin White,_2l-3(0f,01-25-1994,2
Roger Morrison,%:2{NJPE,12192002,2
Danielle Greene,wqLS.oID,09-26-03,1
David Weaver,yE?A2{V!,05/26/1989,1
Robert Barajas,",h|J!k,Z",05-08-1997,0
Cheryl Monroe,"qjg,7h+P",59年12月23日,0
Melissa Anderson,A6VH{Rw?,/05/20,1
Christopher Wolfe,O[^Qc(W4,040583,0
Adrian Flores,{{y4vuAg,民國61年04月06日,1
Glen Berry,wTJC6.4\,04261996,1
Nicholas Berger,"8~,NS?""8",07/09/2001,2
Danielle Hernandez,n(k-.s41,09221985,2
Ryan Rivers,b2^3XQUS,19690217,2
Cole Silva,mv*I5(lf,07071977,2
Jennifer Walker,"%PD,h`Y&",72年01月10日,1
Scott Day,SRoVV\?Q,04251969,2
Christina Pierce,*sN.d6c~,06041963,2
Tammy Miller,%d+(j5Tg,19700710,0
Jessica Lawson,{ScB?qS',070577,1
Linda Martinez,X4%NZ;zr,1984/06/16,2
Gabriella George,e}%.VD)J,93年08月23日,0
Bobby Clark,3WnaL=Hx,06181995,2
William Hunter,a?Es_dKA,1983/05/26,1
Martin Clark,uK]wg(Y0,02-08-2001,0
Jennifer Holmes,2uQ(.v|k,07-07-1990,1
Sabrina Macdonald,"~G7I#N,U",03年08月06日,2
Mary Alexander,9.-rl51k,12-15-1978,2
Daryl Smith,\\6>hdyD,11-07-2002,0
David Cohen,6Rx69(j/,01/02/1977,2
Carrie Vargas,mvV%3dje,11-05-1966,2
Mrs. Sheila Rosales,"RN5""#//c",1999年10月13日,2
Jeffery Schneider,*4p:9)x},中華民國95年09月25日,0
Tamara Holmes,Wj@QmJ}%,民國03年07月30日,1
Janet Perez,"92c""~)r5",98-12-19,2
Nathan Anderson,BF5Z~[2F,民國63年05月13日,0
Peter Rogers,s2`~F!DS,10-24-81,1
Angela Owens,"LC!,c.Q7",01/18/2002,1
Robert Gardner MD,%hh!{w6l,06101984,0
Jared Ellis,F?\Zz~nx,01-04-1977,0
Andrea Jacobson,V>hssk*&,05/21/1969,1
Raymond Cain,\k@XH]B|,1972-08-02,2
Andrew Rodriguez,t6F<|JdS,/12/11,2
Richard Benson,"97zVb,>E",03-24-1994,0
Paul Wilkins,KROOp:g&,1985/03/31,2
Zachary Thompson,"Z""skzEn0",01/16/1976,2
Stephanie Sanders,B(!xJn_1,013175,2
Jeffrey Reid,(/3Cb]>y,10-07-2001,1
Eric Moore,GYi8=kh~,81-01-09,1
Sheryl Shaffer,9umX~8XS,民國66年04月15日,2
Alex Webb,[I[1RjN6,08-13-97,0
Tina Herrera,)!mzD(!E,01-31-84,2
Rodney Black,"i}wIyA,Z",07-04-01,1
Amy Gibson,#XB3~Z|6,2001/01/18,0
Kevin Schultz,#b[7:hao,12-16-66,1
Ashley Hopkins,JeA/{*WD,1985-12-13,1
Jared Allen,N'x3Ea2/,030570,1
Jose Mclaughlin,&o.;-)f.,08/04/04,2
Dean Harrison,Q>2Y/Nsz,01/01/1973,2
Michael Cox,%X0~GIR#,60年10月11日,0
Nicole Anderson,VC9F}I%z,1965/06/05,1
Tina Mathews,Ka\z;{%l,/09/05,0
Katherine Russell,t=}P`M6j,19810220,1
Hannah Howard,U}w;x>ZT,04/29/1990,1
William Garrett,"v,q)z]-P",06141989,2
Sarah Hernandez,zM6[W2MY,1980-05-19,1
Robert Brown,an}=~|?e,19770220,0
Richard Torres,2?$V^S=o,23-11-1968,0
Jeffrey Gates,0FN[1X@w,11-05-1996,1
Mr. Michael Hall,Aafu`o27,中華民國88年04月21日,0
Andrea Hale,L^+|ld2w,04081981,1
Adam Carroll,N@xgw]0&,1980-12-30,1
Shawn Murphy,jQ$'!Vx_,82-03-31,1
Cindy Gardner,'qG(V[px,19651123,2
Craig White,"]R""8W#<)",1981/08/25,1
Michael Maldonado,<a\#7+V>,2003-10-24,2
Zachary Franklin,78k7|EN?,74-06-02,2
Justin Norman,=qI%W[YS,02/13/1989,0
Tammy Hancock,p]5gP>bS,032272,2
Karen Johnson,"W,uW4Dw>",10/21/69,1
Dustin Chambers,Cy/93;Fl,05/22/88,2
Sherry Brown,h6CG:|B7,99年07月04日,0
Michelle Perez,Y5/TsM'&,1973年11月09日,1
Mr. Robert Williams Jr.,[N>3^r8e,74-02-28,0
Mike Holder,TcTg{}b2,1961-05-24,2
Donna Barron,K7w-z.[B,08-21-1971,2
Anthony Jones,qMl)eb<P,/05/21,0
Robert Blair,-X_!([cv,07-21-1979,2
Andrew Hayes,:`fq'Lbt,071101,1
Candice Alvarez,0I`y66Sk,07-25-1980,1
Christopher Wall,`.V:n|6W,05-04-1979,1
Christian Moran,wL5IecH6,中華民國78年05月23日,2
Wendy Martinez,}yWncl<i,02-26-79,2
Phillip Hopkins,"YUv*"">q$",1967-05-22,2
Matthew Stephens,EK[v-wz[,10/17/2002,0
Katherine Dixon,jFO-Y~r',09-06-1980,1
James Allen,PYf}o'-$,2001年08月09日,0
Judith Johnson,f:.!~U-.,19970102,2
Sherri Davis,\kzjZ+Ja,790903,1
Clinton Carter,10Tc[OWj,02071961,2
Christopher Robinson,.s*hyPwC,1988/05/26,1
Joseph Casey,yL!QfE80,681012,2
Timothy Cooper,V)fH5..U,880115,1
Scott Freeman,%-{US^2~,01/22/98,0
Wesley Anderson,_Ba5m[Km,05-29-80,1
Justin Simon,p7==.nhI,1994年02月28日,1
Eric Thornton,",5!S7wIj",97-01-05,1
Kathryn Hall,oQ{9&~ut,19580710,1
Jessica Franklin,#A6v}lKz,02/12/1982,0
Michael Williams,iP/XNV'y,1982-05-12,0
Holly Vargas,W?l)jn%L,1958年07月15日,2
Lisa Weber,9V-xd!v3,07261961,0
Carmen Snow,"`fZLETn,",08-18-1967,0
Monique Bradley,6';(jM%T,092597,2
Amy White,s?j!7rmy,04-04-1999,0
Trevor Andrews,"-A<,GtNo",610629,1
Dr. Tracy Lucas,6*R/s5f0,19960705,0
John Khan,$/7*VQGP,03-01-30,0
Kelly Brown,(Q9wU1[i,01-07-1979,2
Erica Johnson,`jr&f0Ek,中華民國79年04月24日,1
Matthew Shea,b~)HF1=N,12/05/04,2
David Little,"""^qc9W[5",03312004,1
Brittany Wright,"_7$Fq&<""",88年03月23日,1
Daniel Levine,")HQDOv""e",11191997,1
Lisa Hood,0aKt;]2M,19960220,0
Stephanie Mcgee,EGX%T{6^,12311990,0
Rhonda Schaefer,/Jnt*0!2,/07/14,1
Stacey Howard,}gxP6d]},07/04/2004,1
Maria Jackson,aO8$'p9\,1959年05月28日,2
Gerald Pittman,7JABu!Ep,民國66年06月01日,0
Timothy Zuniga,lE/OF0fW,06/26/1963,0
Martha Robles,5.f?Vh\Z,01-14-1983,2
Michael Woods,Bs#b%zN},1988/04/15,2
Danielle Williams,28x{e6:p,052974,2
Timothy Carpenter,"a~`4&,t7",07/10/1999,0
Mary Brown,"7N""U9o2""",890928,1
Lisa King,`Y$*)b8:,050123,0
Laura Harmon,/}`2pEkK,03-12-1977,1
Jennifer Bell,[V>W(z!b,1968-03-30,2
Tyler Anderson,:}n8&?\s,12-22-60,0
Katherine Hernandez,@Q<<1Zz-,民國99年02月20日,1
Jeffrey Welch,K=&0)<+.,中華民國92年07月18日,1
Jasmin Sullivan,a@eD8RYv,1992/04/24,1
Patricia Trujillo,"/M""@\%>L",092759,2
Tracy Smith MD,IBZLP<1a,08/17/1969,1
Jeffery Day,*UUf3%jr,2003-07-17,2
Melissa Carlson,It*Om)yD,11-26-1995,2
Teresa Curtis,Yb=n)>#y,88-09-06,0
George Winters,O~P&?XMa,66年05月27日,2
Joanne Smith,#;u5f..%,19721202,0
Jesse Dunlap,":kA,)h!K",89年11月22日,2
Timothy Wilkerson,Fuok/EY{,民國75年01月31日,1
Scott Davis,=>zAV]an,09051970,0
Alexandra Kelly,""")A#6DA1",民國89年12月31日,1
Dennis White,Z?c:N8~T,890205,1
Gregory Johnson,Xg68]pbj,85-04-07,2
Donald Hernandez,"<""^a/S.P",01-30-1989,0
Jesse Wood,{{@^)@S|,民國86年05月06日,0
Samantha Smith,NFHQm}8$,03/05/1958,2
John Tucker,#|urz3H&,1969-09-02,2
Christopher Thomas,PP-m%+s|,05-11-84,2
Victoria Garcia,_=vS]FSe,19991017,1
Wanda Ramirez,\-(oN/r),19891119,0
Tammy Knight,;c$StF/],661020,0
Amanda Morales,2&eEYSHf,19660815,2
James Tucker,N^$+mD<l,03-25-1975,1
Melissa Jones,Rn+{L=\Q,78年01月14日,0
Elizabeth Foster,E2/3bj~},04/05/1997,1
Crystal Haynes,aHVPCO<},中華民國95年05月15日,0
Todd Moore,au^vw!%2,/07/10,0
Jennifer Gibbs,5I)1w'zB,20030112,2
Molly Leonard,",.\/l!?+",民國03年01月27日,0
Kristin Williams,KCA]a4Cy,民國80年10月09日,1
Lori Christensen,YUH3Hj!O,07111958,2
Donna Good,nRg2I`IN,/10/29,1
Jeffery Johnson,eM4W.@ha,19840425,0
Courtney Walker,"@G""E'\dg",021218,0
William Elliott,-9ScUI*`,09-23-1957,2
Donna Scott,Zu]|(h>q,18-07-1966,0
Elizabeth English,\Vdph\ix,中華民國88年01月23日,2
John Hardin,$!m'4nSB,/02/11,2
Hunter Miles,<o$LJZk2,11-13-1974,1
Linda Malone,.&\h#Zlm,810615,0
Sherry Galloway,",6uJ$^x*",01041976,1
Nathan Simmons,9+SujH\?,1971-06-08,0
Stephen Mitchell,<H[6?n8?,06261999,1
Noah Callahan,iB}vCR2q,01181961,2
Robert Serrano,s1_(QWSm,88年07月10日,0
Albert Raymond,\H$FU/I1,680604,2
Richard Robles,MT3%'t{+,12191959,2
Jack Zuniga,R\yOz~$S,19730809,1
Jean Marshall,iZq}9sEC,03/15/61,2
Dawn Boyle,"O""z$xt4S",民國82年07月03日,1
Cody Ramirez,0a^*IBH-,02/22/1998,2
Charles Daugherty,IM>/R{x#,1989年01月12日,2
Roger Morris,"D""d5i)JW",09/28/84,0
Shannon Dunn MD,A6Qoe>&',91年01月30日,1
Kirsten Baker,_j4*UJ6),民國67年10月30日,2
Mrs. Dana Swanson,n}=/L;0M,09-14-84,0
Abigail Miller,^'Q/OcR4,790726,2
Drew Carroll,4083m+(D,10/12/85,0
Tracy Walker,YI1])1n+,65-10-04,0
Amber James,A?}s5Q\#,/07/08,2
Gerald Martinez,*lJ<qIsZ,71-04-20,2
Barry Smith,BuRf^S'm,/12/18,2
Dr. Timothy Mitchell,)L[_qMzt,民國95年08月03日,2
Elizabeth Martinez,\;H@E&{{,2003年08月21日,0
Brittany Anderson,F-@Krht<,06-13-74,2
Lisa Skinner,crx=kRJa,05-01-94,2
Luis Patterson,i*^m8]+r,011071,1
Barbara Hines,"Ns`T%?8,",11132003,2
Justin Brewer,DQB7vdwg,1975/08/03,0
Erika Smith,^-e9<DT+,19970910,1
Kyle Perez,._Na6%L$,19781208,2
Nicole Cantu,W(^oDoTO,02132001,0
Mark White,G\?}yBq},09182002,2
Sabrina Moran,\dILa@/(,830122,2
Cheyenne Price,gpor%7l*,651125,2
Jeremy Wyatt,gE$?>4<R,08/07/99,2
Dr. Raymond Ward,4/cjrd*&,05301982,0
James Bowman Jr.,OLiaG@'#,11171994,2
Jennifer Wall,&\RSRt'K,05021974,0
Laura Carpenter,288]%(gz,19571104,2
Carlos Peters,/1sYhk-s,1959-08-02,1
Michael Bennett,#`\YG$<u,中華民國02年08月11日,1
Caleb Griffin,okXQ(ZPh,052273,1
Jennifer Alvarez,eN?qy5h0,07-20-1975,2
Marilyn Hernandez,;0)o^JF0,民國76年07月23日,0
Robert Austin,78m#:x7J,99-09-29,1
Katherine Price,bJ6YV]s8,1961年10月13日,1
James Flores,"IU5vD""JZ",19971101,2
Julia Miles,"""2XuaiX7",2005-03-10,0
Jennifer Chen,sk~$1Lw%,08-07-69,2
Michael Gibbs,"Sv'5""A""/",07-11-96,2
Chad Robinson,"<G"">Wd3'",07-21-97,2
Ryan Dean,"""]SrosP;",651208,0
Samuel Walsh,G$Dc!Pc',83年01月18日,0
Ariana Rice,ZMVy=<+},06/19/1981,1
Robert Bullock,3#Ht<0]r,/08/30,2
Hannah Lee,8%j'71V#,02/25/86,0
Erica Hart,[xW%P3(S,19581210,2
Kristin Brown,"3nv""#q0R",08/21/1991,1
Andrea Johnson,3E5bIR%7,06-14-79,0
Timothy Harris,)9}m'vO(,02-19-1964,1
Natalie Smith,"oAaNd5',",02-24-88,1
Katie Williams,Z:nJL~Q`,1995-09-20,0
Robert Cummings,(&s+unep,730729,0
Cathy Moore,}G(SeK|9,82年02月16日,2
Todd Travis,99${:Vdi,1983/02/25,0
Elijah Miller,F#S619ED,81年12月24日,0
Lisa Boyd,H[-eh|9-,/05/16,0
Tyler Livingston,!M!UN66%,04-09-1986,2
Natalie Perez,FYo&v6{_,05/23/1991,1
Cynthia Blake,[]'uIT^Z,06/27/1989,2
Alexandria Gamble,OH>W/1hL,12-10-2003,0
Ann Terry,TMcoT!GS,05031962,0
Annette Jensen,/[`|GbZH,06/16/1966,1
Jay Frazier,{Ll~kZ[\,87年08月28日,1
David Orr,"Q,^t+T\D",民國86年01月11日,1
Tammy Perkins,]7>xF:o4,84年03月11日,1
Kyle Hayes,e!ElR\CR,11-10-2001,0
Kevin Middleton,AzG>E>'P,01-09-02,0
Daniel Reed,e?2OEuci,中華民國73年04月09日,1
Rebecca Rios,h?R_`tS;,66年05月10日,0
Christine Payne,t+a=:p2[,1971年04月04日,1
Benjamin Miles,01jTaZ}I,11/04/69,2
Juan Beck,"1JKm#G-""",06-29-77,1
Timothy Palmer,hsuOC[!F,民國82年08月28日,1
Andre Rodriguez,z@/3w{>W,1973年08月04日,0
Joseph Wilson,$HWvsaJV,02/19/1975,0
Cynthia Burke,#r>fFJ-Y,1971/08/21,0
Sarah Garcia,^:-^~u>M,1996年07月22日,2
Tanner Hoffman,V|22kPi3,1978-12-02,0
Rachel Romero,HRtteu0g,021488,1
Tiffany Curtis,bskNW}dY,101001,2
Darrell Martinez,Qz3Yr(g%,24-03-2004,2
Jennifer Porter,R_NlwQ02,01-27-58,0
Donna Murray,/`^Z%4\k,67-07-31,1
Andrea Daniel,",csh7;c;",05/25/2005,0
Kaitlyn Bradley,|>o@o9U.,04-04-97,1
Jeremy Reyes,V&XY4m=l,77-01-29,2
Sara Huerta,{v=$@{~=,68-12-14,0
Sarah Bond,Y8glbWt+,62-03-09,2
Mark Love,pcq|~ROG,02年02月11日,1
Michael Mclaughlin,XK-xMXmr,04/10/1995,1
Karen Burns,Z:bNQdq(,04271963,2
Barry Gentry,xz\&.H$M,10121976,1
Stephen Smith,L8>btY*5,1976/09/27,1
Mary Campbell,$KQHw~NO,19-08-1986,1
Katie James,"vZ8u""A!A",09-03-1978,0
Lori Smith,<vKGb@Ed,1981/05/16,0
Karina Harmon,/-OK}`.%,1981年09月21日,1
Thomas Martinez,sNyY8RFf,07/15/1996,0
Stacey Fletcher,k4_a%UHx,01/11/80,0
Tammy Smith,_q@xZ$O1,05-06-98,0
Steven Thornton,ksoK$b1C,/12/24,1
Kathryn Baker,#glOFU_&,59-01-19,0
Angela Thompson PhD,$wSg9jG\,03-21-1988,0
Lauren Reed,lMuFMtG1,1980/05/10,2
Edward Stokes,T.-[S$1+,/07/18,0
Anthony King,g;|;2:Rd,06051977,1
Michael Brooks,F>llZbGA,590416,0
Danielle Holden,{j=;-Iwr,14-01-1994,1
Michael Cunningham,K#`]Z.A9,03-06-66,0
Eileen Rollins,n)oU48|o,1999-05-19,1
Christian Lara,UZ_%~D(3,民國60年09月27日,1
Lisa Benson DVM,(:GS-y0W,770316,2
Andrew Guerrero,!y#r[fRN,04-28-62,1
Luis Simpson,Eag'v<T.,中華民國60年12月12日,0
Christy Lopez,?14|$-`K,081977,2
Miss Jennifer Gonzales,D&T%)w&},19720219,0
Roy Peters,TD&p!i07,090496,0
Ronald Hutchinson,l57Hb\W0,94年12月05日,2
Rachel Wright,p_D'OGb-,06-17-1963,2
Isaac Adkins,&ogF7pm{,中華民國05年01月15日,1
Michael Hernandez,1w={r4\e,78-04-13,1
Julie Chavez,"_""~#e]+U",02/01/1996,2
Isaiah Coleman,l}`C5CG1,19841115,0
Christopher Kennedy,>3`92'I_,民國96年01月24日,1
George Franklin,`b0V*_=^,04/01/1998,1
Kaylee Smith,#BglKgJa,04301997,2
Craig Harris,"5Qq~PoU,",20-03-1980,2
Catherine Tanner,WBw4!UX~,691015,2
Kaitlin Wright,"Y//""\LT3",1967-09-20,2
Evan Randall,'WNj)!$+,1986/09/10,0
Amber Norman,7$fdCYFB,66年10月09日,1
Garrett Taylor,H0CSI7B@,11121981,1
John Jackson,3n6lRVQ|,中華民國65年06月27日,2
Laura Murphy,\Zk}zLz@,2003-02-01,2
Jacqueline Garcia,2iy(geI8,2004/04/15,2
Michael Chapman,b?_fr@o.,01-01-1972,1
Amy Castillo DDS,j\52\mij,1967年01月28日,2
Lori Nguyen,0$mclBZL,民國78年04月10日,2
Kelsey Booth,eTz)ab)G,12/28/2001,0
Charles Jones,"HuO8{6""A",57年10月18日,2
Kendra Wheeler,0>2nEvz@,19781210,1
Alexander Jones,@2`m;_%^,19840813,0
Alexander Cooper,J(%itQTl,07-18-2003,1
Christina Bartlett,"G+y~i\j""",1978/03/07,1
Claudia Miller,"Vk_[.|""y",02031992,2
Patrick Thompson,q~dD-nw4,07/07/1997,0
Carrie Young,"""xkHvc'?",640104,0
Nathan Campbell,p{D-E'iS,02/13/2005,0
Daniel Phillips,mnp/0$ZP,20-09-2003,2
Wendy Lopez,i4Y:G|M_,05231964,2
John Adams,"XUaij>y,",19780909,0
Steven Hansen,_ty*?QvP,1972/04/08,0
Cheryl Baldwin,/n!Cj{XW,05/05/01,0
Patricia Robinson,2Yze!vU*,20040311,1
Joseph Bryant,*Q}dIzVk,91-12-17,0
Michelle Shaw,!hMk!'B<,04/11/1972,2
John Williams,4hWl4S1i,/01/22,0
Joseph Evans,$S`H\jX],/02/13,0
Jody Butler,:niU0%_.,94-07-21,0
Michael Patel,"u?b,uHp+",中華民國78年10月18日,0
Ashley Collins,5kC_a9M4,04-11-61,2
Nichole Gomez,~IyNP5RG,03/02/90,2
Kiara Little,"f43""'>ad",中華民國80年06月21日,1
Mark Marshall,F|H#lj;q,071390,2
Mary Gonzalez,<6POlEf!,民國00年09月26日,1
Mr. Zachary Wright,&_P@fE01,07/21/59,1
Justin Ward,3W(v3f:1,09121961,0
Javier Potts,]{lzqVi*,中華民國86年04月06日,2
James Kelly,;Kna_Bq*,12-11-79,1
Sara Morales,p>z2b8QM,1973/09/17,0
James Hammond,|cD2`+ek,中華民國91年05月23日,0
Carl Thornton,",O}""k^(q",12/07/2004,2
Adam Willis,Pyrzo^WG,03-20-1962,1
Justin Cantrell,LIQ~v{i%,11-19-1969,1
Gordon Hayes,"fLhdZ:z,",08/02/1982,1
Mr. Eric Collins,NdyCGk6A,中華民國60年12月25日,2
Mary Thompson,n3q76Gj+,1992年12月23日,0
Sara Hopkins,/(oq[<Pn,96-08-08,2
Richard Thornton,f1fb|^gc,06-02-1968,2
Todd Oneal,Y7nwvw&@,11/17/85,2
Jeffery Mayo,>1GP<~S>,1987/10/12,0
Melinda Bailey,;OyUqwTt,1987年08月02日,1
Debra Boyd,un^Awf69,01/09/66,1
Peter Lucero,"jPQ""VM-^",1963-06-07,0
Valerie Beard,<ihb+N+C,030200,0
Mr. Luke Torres MD,YBq4shmo,01/13/2003,1
David Wilson,"[2f""*z.p",09/23/73,0
Mary Moore,_mA6#fG},1980-08-05,2
Kenneth Ferrell,S1u.3>RH,民國65年05月19日,1
Stephanie Lutz,"k""0wFiib",10221990,2
Brandon Hammond,=jZVN{ZT,10241985,1
Karen Allen,"&f*6""Ta5",99年04月04日,1
Stephanie Hansen,A_uJL|16,民國98年03月10日,0
Melissa Hampton,!Nm!/6YV,04/24/1985,1
Lawrence Taylor,&-B+H_j[,04042002,2
Jimmy Ellis,myZi_<wa,中華民國03年01月30日,2
David Reynolds PhD,p%oazp_=,121186,2
Brian Brown,ty6-8iAr,03-05-1966,1
Jason Fowler,YZwSy}Sx,06281983,1
Paul Spencer,.'EZ~N_E,12-23-93,2
Amy Russell,;5)#%-yv,052200,2
Ricardo Ingram,">-D!$IN""",14-09-1959,1
Karen Clark,[1Phm/9A,041108,2
Nicholas Benson,zo[tEobB,02/01/1961,0
Julia Campos,E_}f]u<#,20020618,2
Bonnie Smith,kf(\w8Ws,/04/23,0
Rachel Kaufman,=#@21=?{,19750519,0
Michael Long,pk|I)b-`,10-17-1984,0
Desiree Martinez,x/X=`B)V,05-02-1971,1
Kelly Vang,G-]//J]J,中華民國71年07月19日,1
Angela Cooley,6zjt`z&O,民國01年09月09日,1
Brittney Holt,pT*E)Cbb,2002年05月10日,0
Brian Herrera,Y;Q{C8hA,10-03-1974,1
Janet Shelton,\QE-qj$:,07/22/63,0
Ethan Wade,"ss""m%I3X",07/11/1998,1
Tara Harris,-goP0tXL,10-28-1987,2
Willie Hawkins,IzEj~mB_,02/08/1964,2
Javier Weeks,6NC_3ldJ,07-19-1968,1
