Input,Label
;**$xeFs,1
曾傑欣,0
10/20/2000,2
Paul Lam,0
dQRr_{([,1
12291973,2
Kaitlyn Payne,0
1983年08月23日,2
<OT|2{jH,1
*(*NYCKD,1
董永佳,0
19660627,2
GqhT`Ers,1
11201980,2
梁玲,0
69-12-25,2
Zachary Benson,0
wU/`}MQP,1
s<V|#z[1,1
09/01/1971,2
William Shelton,0
廖萍,0
YBiW}V|X,1
中華民國75年03月06日,2
910506,2
段元彬,0
2b#]trkt,1
W+~\ig\;,1
於心,0
02-06-60,2
楊瑞真,0
02/26/91,2
@=5.[A@/,1
崔萍佳,0
slpU=-]S,1
02-16-2001,2
+D?m3Q5U,1
Jessica Peters,0
11-06-1971,2
盧心,0
1998-12-28,2
?g&+XcqW,1
林冠,0
/02/24,2
^pmvOuUG,1
Jaclyn Carroll,0
1978年01月14日,2
'eb`I)O%,1
2000年05月26日,2
賈瑩,0
>zjpX4k<,1
熊仁敏,0
hD%'AKxj,1
07-21-1978,2
Jordan Newman,0
e<.^3:/#,1
811201,2
Carl Ross,0
31-08-1998,2
"x,gV{O;x",1
邵宗民,0
pkW9KU$B,1
中華民國71年05月24日,2
sz)u/V84,1
Marie Waller,0
1962-12-28,2
"x=Sv@',!",1
12/26/1986,2
Taylor Ayala,0
09282004,2
郭珊偉,0
@?FUnCjV,1
康娟,0
K.kj#cx&,1
12281961,2
wtH'#BYg,1
02-02-99,2
Maurice Mosley,0
=!neco8J,1
江翰嘉,0
民國83年07月23日,2
J@G-^wGD,1
1966/03/09,2
王彥,0
傅惠,0
<|nOld41,1
98-11-09,2
06-02-1972,2
田豪,0
2M:A+#Q%,1
08-24-1993,2
hTr1'iVC,1
邵哲貞,0
1969/11/20,2
EY*nF~HE,1
Joshua Bishop,0
民國87年01月30日,2
高翰,0
JUzjIgYR,1
80年10月24日,2
c7pFWBsF,1
胡德敏,0
[?fmn9P{,1
郝翔瑜,0
08/07/1960,2
+^~hQakv,1
薛穎盈,0
2004年11月18日,2
d&<B4aym,1
75年03月26日,2
許曉穎,0
中華民國77年10月02日,2
JSkNWw0y,1
Claire Sloan,0
19920112,2
胡盈,0
vt7dMS@v,1
06-05-69,2
龔彬,0
TU2A>#&X,1
/03/14,2
姜彥,0
h~^3Cq5j,1
中華民國69年06月21日,2
賈豪,0
orwbP9do,1
民國76年09月24日,2
@^sc~+^H,1
韓志,0
周宗,0
oaF#<:!',1
12/04/1983,2
[~t4d)[?,1
鄧嘉芳,0
1990-12-14,2
081589,2
UV7l=zIa,1
田忠芳,0
中華民國74年01月09日,2
馬元銘,0
\lUe[#.+,1
餘慧霖,0
9H[%302D,1
10/23/1967,2
林聖,0
kxNoNQo6,1
中華民國86年04月26日,2
/09/17,2
#R8(vis{,1
Jason Elliott,0
XM{T[[o<,1
09-20-1979,2
李美秋,0
賀宜瑞,0
1976年03月18日,2
1h}tC*?K,1
09-25-1971,2
康建,0
NaO2~9OY,1
03-11-2003,2
葉鈴世,0
.~l(c}K!,1
邱傑子,0
/04/11,2
CW+xPECC,1
汪玉青,0
ZfPoC0]w,1
06-09-1961,2
<ny=I`4[,1
08-19-1998,2
孟美,0
中華民國61年06月01日,2
:C:6BClj,1
Jade Ware,0
1971/05/04,2
楊宏,0
8g/ak:K!,1
武育,0
#fkM=>1d,1
1965/07/06,2
邵嘉,0
00-06-25,2
@/lUL5o!,1
民國05年03月25日,2
蘇維菁,0
Z]CZswQy,1
1970年07月13日,2
雷娟霖,0
]0ls`9r@,1
Douglas Cook,0
民國58年03月25日,2
|'f$3[Q=,1
19971116,2
鄒玉,0
z8#jxZzI,1
"F2.L,L/C",1
06-12-1982,2
施真民,0
M<vHY'(V,1
910909,2
董聖,0
邵娟聖,0
中華民國67年08月03日,2
"dHb,Z3(6",1
072776,2
",9,F;Y/T",1
唐良,0
H+kIFnOu,1
12061998,2
任娟,0
xPVuzU+C,1
馬珮,0
01年03月31日,2
{Om-b|u\,1
10-21-1964,2
朱強,0
Susan Mendez,0
2005年02月07日,2
"|K,<XU4R",1
傅如,0
10-30-64,2
_[L;LYgT,1
田欣,0
27-05-1995,2
&^Qp?9Zb,1
A)I]&Xc3,1
姚韻榮,0
77年01月30日,2
中華民國72年06月16日,2
xmW0y{->,1
毛怡榮,0
杜昌偉,0
74年02月15日,2
[ejoKbOJ,1
<>\v!Ykj,1
11-05-1968,2
Michele Phillips,0
/04/20,2
石育,0
.X>HAX4c,1
方德,0
63年04月23日,2
~^GN%o2f,1
TF*{ATAe,1
汪倫,0
02-04-67,2
中華民國05年02月09日,2
高彬豪,0
"%"")Pd6"";",1
石雅鈴,0
19690824,2
eqJ_el>Y,1
Sean Chapman,0
1959年03月21日,2
-e;J.Jda,1
#FG#<lo~,1
081484,2
武盈明,0
薛凱惠,0
"3Xhjt""h?",1
中華民國93年08月30日,2
213DXFC;,1
13-02-1981,2
邱嘉,0
呂慧,0
1978-09-03,2
)mi>dLIO,1
民國89年12月23日,2
"kS8.!""/)",1
Monica Shepherd,0
g:#8JKy7,1
02-19-80,2
鄭傑祥,0
ycXJNL<i,1
韋韻瑜,0
12-18-2003,2
Cb4'EDFK,1
04-20-90,2
曾豪,0
01/05/87,2
施伶世,0
WFep>%^O,1
/08/26,2
"VAGp0h""Q",1
邱翰盈,0
1984-06-03,2
|Fr3TE8[,1
康鈴,0
唐霖,0
1967年09月10日,2
9pfwqu#Z,1
06-13-1963,2
5^9nR%uc,1
Scott Ryan,0
周昌,0
aqW>MFHj,1
1969年10月15日,2
1995/09/10,2
x(E&s[wX,1
曾宏儀,0
1972年07月10日,2
胡盈君,0
`82v_jAi,1
08-12-1993,2
曾德哲,0
":&v,@Alj",1
龍欣,0
_Y>EYNUE,1
09-15-1973,2
譚立,0
04/30/1974,2
",S'eu2HG",1
V:\bObi9,1
顧英,0
76年01月28日,2
10-11-1978,2
陳穎傑,0
WurH%Ut1,1
侯英傑,0
bK/r`oLL,1
1975-12-24,2
鄧君盈,0
'<?QHSRL,1
10-01-1970,2
JWgL[cA%,1
06-16-1963,2
Edward Thompson,0
Stephanie Bryan,0
19981201,2
_K_3xU~),1
12-23-2004,2
Pw?f[=JV,1
孔士,0
Sara Moses,0
1982年09月03日,2
Zc>t7D:B,1
102969,2
牛麗,0
5O;fPV?W,1
康昌,0
1990年04月19日,2
:y0o~!@Y,1
"""8d5ZPZJ",1
宋靜,0
03-25-1985,2
07-09-98,2
鄒瑞祥,0
$qm3hpzE,1
1993/06/18,2
郭中敏,0
B/O~T_x+,1
"M<=?,QL(",1
民國82年08月11日,2
戴瑜宜,0
>@/u]rvd,1
潘芬,0
民國66年09月09日,2
04-19-1974,2
i<e~Zy&d,1
謝國仁,0
中華民國76年06月10日,2
賀珮,0
dZCHePkX,1
@^6mgs{u,1
12172004,2
Mrs. Sabrina Cole DDS,0
"W)1,aYpk",1
劉鈴龍,0
民國97年10月14日,2
10/02/1993,2
;}V3a?`.,1
韋家,0
Paul Underwood,0
o;MS!H%M,1
02-12-1959,2
錢慶孟,0
E.@W`q~P,1
57-10-06,2
8uH4r}_n,1
1979年11月22日,2
張秋,0
65-05-31,2
%noeQIJw,1
熊慶,0
1'/?wy5:,1
宋中,0
/06/12,2
94-07-31,2
Margaret Coleman,0
g\^c-{Et,1
ru=%S_%v,1
08-22-85,2
金子,0
06-09-1970,2
龔榮嘉,0
gM>Fa}hC,1
常彬,0
1959年10月12日,2
(RZ]4)s^,1
江秀,0
F!(`HEuD,1
民國78年04月24日,2
19671011,2
龔育菁,0
6AymnVe^,1
cMb%}sjY,1
07-05-1967,2
夏彬郁,0
1971/12/27,2
Bh(Z<V+n,1
Erica Kelly,0
1977/07/20,2
Joseph Fisher,0
73oQ<MOC,1
崔俊,0
27-08-1994,2
3w=+7DK>,1
鄒韻,0
11-12-1963,2
o^LKFm?],1
龍永家,0
02-28-1966,2
"xp$""H&e6",1
QJS_/VL.,1
1958-06-29,2
武淑中,0
彭偉,0
hWt>e[;^,1
民國59年01月19日,2
g@J>B7+=,1
傅傑瑜,0
1995年04月29日,2
03/23/1989,2
Kristin Mathis,0
"nJ""-9D/g",1
881203,2
康憲,0
~UA7!.k:,1
12-07-1977,2
田佩立,0
/VCntN70,1
林敏,0
1969年02月02日,2
>x!+rkp2,1
中華民國94年12月02日,2
"WF4""'Q-X",1
唐慶,0
19801004,2
唐菁柏,0
-j5v?aQ5,1
廖宜麗,0
"<,|^?o9?",1
02-01-1997,2
彭珊,0
92-12-27,2
[Nlpy-!P,1
<T([OmCK,1
08-29-1965,2
Dana Kelley,0
810105,2
楊世宏,0
"6gNKj~,Q",1
681129,2
^b`w8BGp,1
宋郁敏,0
施秋,0
18-12-1981,2
>W}n&UPM,1
民國60年07月22日,2
"^7""8XHoe",1
朱憲秋,0
秦永,0
toD+&>uP,1
10231972,2
01/07/1971,2
ews+C0a*,1
Sean Newman,0
賴娟秋,0
"a*_""I2uW",1
052763,2
01/17/1996,2
劉佩,0
c()MfUaf,1
"Rgr>2""=X",1
Kevin Williams,0
06-14-1996,2
12-09-2002,2
0+]h;&Oc,1
鄧珊,0
08-28-1959,2
朱弘,0
2qjL~F[\,1
1990/03/11,2
"P#[{""bEw",1
曹智,0
林國仁,0
gs6kU#WB,1
01/07/93,2
範德,0
09081986,2
",Q8}5FPx",1
vyw6$i=z,1
胡聖明,0
850821,2
LZ6|]B1|,1
Olivia Figueroa,0
1973/04/23,2
2X)^Bco2,1
03-20-2000,2
馬曉育,0
01-07-08,2
XoWl<\i9,1
汪穎,0
]'~B~1^I,1
12/13/91,2
賀民哲,0
bLq*r{e$,1
1979年08月10日,2
康志,0
"(3{f,\.O",1
1980/07/03,2
鄭建民,0
Matthew Sharp,0
U'K>v]JD,1
中華民國76年03月24日,2
010118,2
-vb+-_`#,1
丁哲,0
26-01-1958,2
UC)h#c_L,1
梁青,0
黃國冠,0
09/04/1975,2
]|]7JBJD,1
錢瑩哲,0
民國58年03月18日,2
}Jtx0:ml,1
1967年04月23日,2
Jeffrey Morrow,0
o1Zj3PV3,1
-V'd.D@',1
02031986,2
馮伶靜,0
蘇佳,0
02031995,2
^Uu;?e2/,1
姜立豪,0
04/06/1970,2
fq&YqaPO,1
12/30/1997,2
毛哲,0
D8)q>'v.,1
周麗柏,0
YY8I'7SR,1
1965-02-27,2
02/25/2002,2
Bryan Shannon,0
k0:$8;G;,1
萬佳琪,0
01-02-1961,2
R)Z*7h`G,1
朱英珊,0
03-23-1985,2
"oPN""iP[?",1
YPR}~LT},1
07091958,2
John Myers,0
郭宜惠,0
2003年07月12日,2
YU)?h$46,1
9T)HDom4,1
1994年12月24日,2
彭萍,0
民國77年07月09日,2
龍立麗,0
j*=RkhLF,1
07-10-1984,2
DDKE{b@m,1
Steven Moore,0
Anthony Stephenson,0
03-03-1985,2
zD\#u{fe,1
?#X@wg5!,1
唐秋銘,0
07-17-90,2
吳萍華,0
民國61年11月08日,2
z_0xQ+zM,1
tsTU\5/c,1
任德萍,0
/09/30,2
02-26-1982,2
Michele Ramirez,0
0y>z2`gX,1
中華民國80年01月17日,2
RRD349G3,1
龍儀,0
施鈴玉,0
4PaGdNd!,1
中華民國73年10月31日,2
Ih!`pQeQ,1
08-06-78,2
胡安君,0
kCgpw}5m,1
Keith Lopez,0
04/13/1965,2
韋宗心,0
w21C#OPl,1
05/31/1981,2
賴麗,0
72年08月27日,2
8p!1QOqR,1
06-25-1979,2
Z(|:cEvp,1
姜成,0
-)._&uy=,1
蔣榮,0
中華民國69年04月12日,2
'N&6`x?[,1
09-04-1977,2
董銘,0
民國64年10月18日,2
曹雅,0
2zRZ)CkM,1
96-08-27,2
Sandra Molina,0
W'TEO6[:,1
韓瑋,0
8-Dem}W+,1
16-07-1977,2
/03/04,2
鄧貞世,0
JS~`+Q'd,1
馮翰,0
ShdUk};x,1
20000117,2
袁美,0
590219,2
4}PjbGe*,1
011586,2
許婷青,0
#uA4I#&?,1
馮志佳,0
>1`f1%&<,1
/07/08,2
施士,0
"b^:AVP,0",1
/12/25,2
06181987,2
'HB=T\LO,1
孫志,0
06-04-1994,2
S0/p1^-<,1
朱鈴凱,0
秦彥如,0
21D3HBq),1
89-02-18,2
05-31-1962,2
袁宏,0
8$]rl@79,1
=LgL'\@#,1
宋心,0
07011987,2
Garrett Chen,0
中華民國78年06月15日,2
v/#4$ZC],1
*H[@HM{P,1
田青嘉,0
1981年05月18日,2
2003-01-24,2
許裕欣,0
=1-(G~tc,1
">Qwlm,[h",1
周安,0
24-06-1987,2
19601020,2
石建,0
j>U{i..P,1
唐憲忠,0
N%quk\Su,1
19681213,2
張賢中,0
S%+QyUvS,1
79年07月28日,2
"S,s:SOYj",1
Cindy Mitchell,0
民國94年06月05日,2
錢鈴芬,0
1987年10月25日,2
y=.%LCwp,1
#@t^:9F),1
郝君忠,0
060105,2
盧忠,0
民國76年07月22日,2
%^?6bCVb,1
&PHic<R(,1
760426,2
Jack Chambers,0
671217,2
y*dG(|Kt,1
熊成政,0
沈賢,0
中華民國04年02月19日,2
"n$h7""XRu",1
1973-08-05,2
!w%obZy*,1
施美仁,0
19840504,2
~QK`S*?q,1
夏瑩,0
@0fYX%zM,1
/05/30,2
於安儀,0
06'-_(\Q,1
謝士,0
06/20/1967,2
09-24-1976,2
2FM{s!OA,1
許弘,0
Kristen Green,0
A7s7/O)_,1
121361,2
-WZeik@2,1
1986/07/23,2
Mr. Jacob Watson II,0
Joseph Jones,0
8KK4Or:?,1
041092,2
05/21/1990,2
林偉德,0
[PWlA78s,1
民國95年01月30日,2
{=}dQb-C,1
吳秋,0
Uw&c{q`2,1
02/26/91,2
蔡心豪,0
$k^mqBVg,1
侯鴻,0
09-12-87,2
"""IS}a[W#",1
11161998,2
楊瑞,0
/?E]40gx,1
06191969,2
鄧曉珮,0
/09/18,2
彭賢,0
"0TeOQ""EE",1
/11/03,2
#1PV^J<r,1
Melissa Taylor,0
汪子君,0
}o:m<+^y,1
09-11-74,2
06-22-1981,2
=zP8&iuf,1
蘇美怡,0
"YT|i""`TY",1
高冠,0
062466,2
`W5^U1-2,1
Rhonda Wilson,0
09-20-1973,2
#hAI!9gL,1
Theresa Cortez,0
04/08/1983,2
7C0cTfdr,1
中華民國76年12月09日,2
Crystal Moore,0
鐘英建,0
UDgC}$$|,1
1976/09/13,2
y>Z\+4nV,1
Sarah Mullins,0
民國67年11月09日,2
09/25/61,2
Dr=dYafE,1
Julia Dixon,0
@1e40MzN,1
閻欣秀,0
08/02/1990,2
03/31/1966,2
陸祥,0
D@F~]Skg,1
l&)@Ln8Y,1
Max Lopez,0
02091980,2
+$A#%YEV,1
王凱宗,0
720808,2
Victoria Martinez,0
07/31/1999,2
Bm8hH:yT,1
1999-10-04,2
F8`7=%j=,1
廖榮,0
龍蓉瑋,0
7rt@BEa&,1
19730111,2
盧芳麗,0
"HR,}|M.i",1
06/30/1970,2
02081992,2
ajVw0Z;|,1
賴宗士,0
/w_rxL?0,1
080484,2
Lisa Bailey,0
])BP&)*g,1
12/23/03,2
方安,0
David Fisher,0
tsDNa^jk,1
民國96年10月29日,2
張聖,0
)~\F9ZZL,1
81年01月22日,2
孔國立,0
1983/09/09,2
"i*k|,4>%",1
IUSN<A2-,1
12/20/1994,2
何蓉建,0
01-15-1977,2
蘇彬家,0
RFLnFk$[,1
69年04月22日,2
Stacey Young,0
i:?3/L]n,1
ss50[A7K,1
05/07/1981,2
Heather Garza,0
羅子,0
03301998,2
"0XFVt+""{",1
n`|S.WOw,1
常憲萍,0
1998/05/10,2
10301960,2
"UNu!fot""",1
康忠育,0
08/28/2001,2
沈心,0
n'DUM=Nu,1
YrtHxD{~,1
03022002,2
鐘心,0
中華民國88年02月07日,2
W[u\-56i,1
Rebecca Rubio,0
"\T*?3,,t",1
姚榮玉,0
1980年02月23日,2
04171975,2
段佳秀,0
z>GwF+M/,1
04/05/96,2
a)z:b]kQ,1
蔡聖,0
Ashley Howard,0
&'6jH6jw,1
65-03-26,2
Q>=:skK+,1
1966/02/22,2
孫中凱,0
夏盈鴻,0
;HHuk[>Y,1
770427,2
民國66年12月19日,2
Brenda Sanders,0
TB3i6\}v,1
o%HBh;+K,1
01211977,2
Kevin Johnson,0
05031984,2
Richard Patel,0
}<7@R__6,1
08/04/93,2
汪伶倫,0
G#9=F+nA,1
79年06月03日,2
牛雯,0
o*<1-TK/,1
710416,2
+_WzI+QB,1
盧婷,0
鄒忠,0
.)]:?dwn,1
06/10/81,2
任憲宜,0
_UXAhWMl,1
110786,2
"zf""s]J(>",1
07/23/71,2
史珊韻,0
07052000,2
姚珮,0
ulp;6[=@,1
01-01-1981,2
曹政韻,0
6ig&4+(o,1
06171973,2
Stephanie Burnett,0
]F2>w(6L,1
1975/08/17,2
Jeffrey Rose,0
S&]>RWkA,1
尹鴻宗,0
76-06-26,2
4AkS/F79,1
1980年07月07日,2
呂瑋立,0
XkO<}evf,1
4\O4_|TJ,1
12/17/1962,2
蕭翔,0
08/07/1971,2
於芬,0
CAwg/Mm:,1
01-10-2001,2
姜智,0
Hx~{nrxW,1
1994年01月27日,2
b;AFt\IG,1
龔翔家,0
"s""jf#+Q7",1
許建,0
19861006,2
CJT[qoBX,1
鄒宇,0
/10/16,2
段蓉,0
ram*QL:7,1
民國02年09月25日,2
ny^*1<Y~,1
640922,2
Juan Ortega,0
oRu;YP}8,1
Samuel Black,0
1972年05月04日,2
.H\pv5nM,1
Steve Adams III,0
04/17/2001,2
譚憲,0
03/17/1977,2
Y\(V<cs+,1
k2&Y>0m|,1
Michael Roberts,0
1990年04月25日,2
1986/12/23,2
賈君,0
qf{+ov8T,1
FA3Y~p[$,1
朱安,0
19991014,2
11-25-73,2
賴宏龍,0
j}Dh18v*,1
E/eQ&aKw,1
宋翔,0
03-13-98,2
邱如盈,0
l]\Xh20E,1
74-06-10,2
E$>jF|y{,1
蘇育孟,0
民國80年02月12日,2
譚安士,0
31-01-1968,2
>VN34R;C,1
f$ymFLrB,1
Samantha Lewis,0
1983年10月25日,2
中華民國85年01月01日,2
Michael Kline,0
n%Q*~PXW,1
11-09-1978,2
u4f8\-O],1
魏憲志,0
100197,2
9_ZndoH>,1
孔德育,0
中華民國91年08月29日,2
H\WjxK5s,1
田穎,0
07/22/1999,2
Eric Hahn,0
(eGSI!A*,1
汪秋,0
041203,2
9y(F{S<v,1
p*EhL)4.,1
61-04-17,2
馬瑞,0
朱蓉,0
=D/#`ne>,1
民國69年01月02日,2
GtB8j7$V,1
/01/13,2
Guy Anderson,0
~wE*Y/6t,1
08/24/67,2
邵敏國,0
蔣宜,0
",;6]j.*t",1
/03/02,2
1HQSX/mT,1
唐建翰,0
06/10/1993,2
郭昌,0
fmrZaF(q,1
29-05-1987,2
Darin Moore,0
1970年01月09日,2
$;)pk>2f,1
p(hc%}zW,1
06/19/1971,2
羅宏龍,0
Y1ut15HG,1
01/26/1993,2
程鈴真,0
1960/02/24,2
+A0.PG-w,1
史怡宇,0
Julia Hanson,0
"Dnvf""li=",1
1998年12月03日,2
Dorothy Baxter,0
06-27-1994,2
[;8MRm;<,1
1991年04月15日,2
範君,0
BB%=p8~?,1
中華民國93年07月24日,2
範秀,0
|DENQy$a,1
民國00年04月21日,2
周佩倫,0
a7YMO;yn,1
丁貞,0
0F6Q8]7F,1
民國97年03月26日,2
夏育,0
zH[=V:Y),1
06/29/2000,2
iVhWu%Hd,1
2003-06-15,2
唐銘秋,0
1961-03-05,2
;)toT[hj,1
姚貞,0
2000年03月14日,2
段曉,0
BE1zZcgI,1
龔弘,0
1991年04月17日,2
Gpb;hRw*,1
任聖聖,0
"jqr>,(L&",1
01/13/74,2
02161995,2
尹明靜,0
q2PgPeR<,1
張信文,0
民國82年11月25日,2
q[1*f0T},1
楊俊翰,0
/07/02,2
RSGyC)Pq,1
&8~f]S%1,1
04/25/1997,2
馮賢穎,0
賴龍,0
|~s$:-|9,1
/07/05,2
}EcX.l{X,1
李翰怡,0
04-04-75,2
SQA&$0R<,1
秦維凱,0
民國86年08月02日,2
曹鈴哲,0
29-01-1982,2
k{L}?^(Y,1
戴如成,0
09-14-1981,2
YbU^@i:4,1
"vy>GM\<""",1
朱慶,0
1987/07/23,2
Natalie Pineda,0
|}R0z2v},1
93年01月01日,2
02261996,2
"Wk19=""[x",1
汪偉中,0
AT/hQo=4,1
孔敏真,0
06051966,2
洪強,0
"+""g%Im;p",1
1979/09/22,2
民國57年08月12日,2
金仁,0
"[3""^H7$O",1
Courtney Andrews,0
11/23/91,2
cEK^wt{U,1
04/16/1974,2
閻菁,0
#de->}z\,1
1982年09月29日,2
-T~ABI5Z,1
江郁明,0
yB6NN:qL,1
薛建宏,0
09/21/1991,2
"ecMV,3%X",1
09-01-1970,2
姜慧惠,0
曹萍,0
03/08/00,2
h>;(t.K~,1
f=7=8Wm_,1
050720,2
Natalie Harris,0
韋傑良,0
12-16-1965,2
*[^#)%C&,1
孟珍,0
dY8{]_!a,1
19910210,2
67-10-27,2
iA-*oe4m,1
唐蓉,0
{Agev|3E,1
19740807,2
李德聖,0
1958年04月07日,2
楊仁建,0
Im/$fngB,1
Gregory Gonzales,0
19981128,2
dcs:6v+X,1
10-27-1973,2
TvR&1Pz`,1
姜怡育,0
"OEn6,jPk",1
劉世,0
01/12/78,2
04/18/1962,2
顧宏,0
Mao;jYU4,1
{]W6-P/_,1
77-07-22,2
閻士欣,0
郭君,0
871116,2
$^HI]$Hn,1
/Xv;^K]C,1
Michael Taylor,0
06/29/99,2
08-28-77,2
%j5#mIjB,1
尹忠宇,0
夏信君,0
民國00年08月16日,2
"@,UIAu?3",1
林育玉,0
*Rh$gz8M,1
970604,2
曾彬世,0
5TmPJ}QF,1
06-20-2000,2
'5#L<p[p,1
閻盈彥,0
2003/01/11,2
Y.k>t(*G,1
陸育,0
08081958,2
胡郁正,0
11/30/00,2
rMBB)1Xz,1
x:$z$xdw,1
2003年06月22日,2
盧鈴,0
民國58年07月13日,2
白欣,0
a[xSbN|o,1
02-11-28,2
7pq>82&@,1
熊德穎,0
/08/28,2
"['S=2""{c",1
Kevin Eaton,0
Katherine Mann,0
68-12-21,2
-]Oqnp@l,1
050794,2
宋政倫,0
"6e5}U,hB",1
07051989,2
範俊,0
",,2*alSy",1
江宇,0
)~zp!oy$,1
民國63年03月02日,2
6Y'p<+GE,1
Deborah Daniels,0
13-07-1960,2
9W;0o:A-,1
中華民國93年09月18日,2
David Shah,0
{gqzQayW,1
12/20/1994,2
譚鴻,0
zc4t%9[s,1
何美,0
58-06-06,2
武立,0
中華民國77年04月20日,2
S'czs0<),1
;-7+^aAt,1
姜婷文,0
1989-06-08,2
06-01-1969,2
唐玉世,0
B0\YhKFb,1
孟哲,0
ZeBZDlM8,1
02-24-62,2
:ZPn$n%K,1
05/18/76,2
馮盈,0
史雅,0
05-08-1962,2
N4J-VnOR,1
1965/06/06,2
<=K@n4Sb,1
施芳,0
:4>}$F;^,1
12-14-1957,2
薛敏立,0
05/09/65,2
Devin Lam,0
"Ub,(eD.K",1
66年06月05日,2
Michael Craig,0
gzsD6n;I,1
趙郁,0
U%EYjUWz,1
03/16/1968,2
中華民國76年01月28日,2
Anthony Cunningham,0
|ReGiub`,1
1989年09月24日,2
@8BDsBvH,1
周鈴,0
|=jD*;0&,1
07-02-1975,2
韋郁,0
(1b/;f$},1
11091972,2
李翔穎,0
12-13-1959,2
陳成欣,0
if+zfa4t,1
67-11-10,2
郭玲秋,0
Ct.v*>)?,1
19650609,2
羅心,0
"O{5""/zL~",1
19941027,2
TcGi/!2%,1
唐翰華,0
AKR@'.+U,1
11-02-1988,2
蕭翔,0
Jb>@CiKL,1
Ashley Morrison,0
10-22-1969,2
中華民國62年03月28日,2
66Ho`?$5,1
Michael Newman,0
80年04月03日,2
Pamela Solis,0
ZH1tTX%|,1
"$nJ4{WO""",1
郭珊麗,0
02-03-2003,2
FG<rvPqA,1
/06/19,2
賴君,0
Peter Hall,0
19930211,2
%jMyDbpF,1
zkfhX0%D,1
02051979,2
徐傑翰,0
@'|'x~m],1
中華民國87年01月19日,2
Nicole Hurley,0
潘子哲,0
Bbx}96L:,1
050421,2
19900928,2
袁豪,0
W-Kt=.|T,1
@iO+|w#R,1
Amy Fields,0
04-09-1967,2
09-12-1973,2
陳文,0
5J?^\.2w,1
鐘永,0
p>*^Z;Yf,1
中華民國85年03月09日,2
於娟,0
t#\nyT5j,1
2001/06/02,2
b(0P&a/u,1
08-08-2001,2
陳蓉,0
19640823,2
段如宗,0
`ieu-3N6,1
Q/COrZIB,1
09-12-2001,2
嚴雅英,0
龔榮,0
A%FyJ!n*,1
民國58年01月28日,2
譚郁德,0
09/26/1965,2
+$J8*q/J,1
]]/*f7HT,1
10261962,2
程儀祥,0
05-04-23,2
D=Si/A.(,1
傅華,0
"uy]y!m""r",1
10-11-1977,2
郝雅,0
"Ty=s.g,3",1
白翔,0
06/29/1984,2
1988-11-03,2
a0?`>4xM,1
袁子,0
/03/07,2
6G6rU4fN,1
魏彬琪,0
yVKy`a>f,1
02/10/1966,2
梁慧,0
杜忠,0
:OHj[SJU,1
04/05/60,2
民國89年02月03日,2
smElJWkm,1
Joseph Johnson Jr.,0
廖瑞慶,0
07-24-1963,2
^'d]Mh.`,1
19980923,2
45-gBlqy,1
Brandon Morrison,0
11-12-1963,2
[?)O;A%+,1
馮嘉麗,0
高鈴智,0
01-15-1996,2
"H;i""V!;t",1
Matthew Powell,0
"K6,7iQ0k",1
071168,2
07-02-1969,2
3.@MH@Ms,1
彭珮,0
^%]';BrW,1
Ashley Haynes,0
1980年05月28日,2
1958/05/22,2
William Russell,0
D#G.;]#7,1
金宏珮,0
民國57年07月25日,2
"`,8|zZN-",1
"0szboc""A",1
01/07/96,2
常玲鈴,0
Jeremy Boyd,0
YN|kFW)f,1
700114,2
1981/05/23,2
Anne Colon,0
]QwW!aff,1
Jacob Dunn,0
1972年10月08日,2
3.S;#R=B,1
白佩,0
02-12-1977,2
refG}/Qb,1
`-|~y4Fn,1
郝真正,0
1991/10/17,2
ZsO\e9<m,1
10/04/1960,2
Jacqueline Fowler,0
02-12-1977,2
\T$hUb!',1
顧貞翰,0
1960/11/14,2
韋安,0
Ql6r;n\J,1
段孟,0
"Bjp,M`]/",1
76-02-17,2
a[T@`Z5-,1
唐秀傑,0
12/30/1984,2
洪蓉韻,0
5TP7Uo8_,1
1963年09月20日,2
武哲,0
民國87年07月26日,2
<jbz\48L,1
/01/30,2
8(>cEdCf,1
Kimberly Dixon,0
Laurie Smith,0
06/06/1984,2
5AhjB)]J,1
E2{_?kxw,1
史翰蓉,0
09051964,2
Sandra Cordova,0
1wN?W?Y/,1
03/07/1991,2
?U4(&hnj,1
Tammy Mann,0
02-09-1989,2
$uM@4A./,1
Cynthia Newman,0
民國02年02月12日,2
10-12-1981,2
"*9""a!V!t",1
石慶,0
11101992,2
@1D5l\dx,1
範郁育,0
Michael Fisher,0
06-29-77,2
"u,g+m*a%",1
a%L=onnd,1
1991年07月29日,2
吳民,0
Z`%n?r<],1
10/09/1986,2
康明英,0
03/12/1986,2
袁霖彬,0
Zm1V#{zI,1
01-19-1969,2
KWEcI?X},1
Karen Blair,0
y~XD5||{,1
052783,2
牛賢智,0
^Syt[.#\,1
02-04-1983,2
趙子傑,0
賴祥,0
LU*<$+\C,1
1963-02-03,2
葉穎,0
O0k`U[9R,1
12-25-1974,2
"8""1%DBy<",1
03/17/1999,2
曹佳,0
林銘,0
03-14-88,2
=\ezXdS',1
k#~ch/V=,1
胡菁,0
中華民國77年10月10日,2
}ht$A1mM,1
孟鈴,0
05-27-1971,2
}lQZAA1n,1
020596,2
方國,0
05041959,2
龔珊,0
4-;Nk.*w,1
民國69年02月13日,2
z:tZf.!s,1
雷良聖,0
09-26-68,2
6A%@\g>k,1
譚正宜,0
10/04/1983,2
梁娟弘,0
p&J268n&,1
09-08-1962,2
AQX4M;cS,1
劉昌,0
'YFb6v?d,1
金鴻,0
971007,2
w~N'=*_H,1
鐘青,0
01/28/60,2
x4tw`0yf,1
90-08-09,2
Nicholas Fernandez,0
"`,z.+l2`",1
24-04-1971,2
賴文祥,0
05112000,2
張彬國,0
"_i$F,c|1",1
!s8nMv_j,1
民國02年07月24日,2
王翰,0
dQXTe-C6,1
27-07-1970,2
賀欣,0
06-20-1988,2
何伶,0
?Vz@z=zG,1
譚裕元,0
%5.Fnmdo,1
07/03/1978,2
Kim Combs,0
"[65m,;MJ",1
121380,2
12/31/96,2
秦盈憲,0
BM+h=YfQ,1
趙瑋珊,0
/07/10,2
F^MhZ%Pa,1
08151980,2
郭青志,0
$f3^'L`W,1
孔美儀,0
"tii\m?V,",1
10241960,2
8f8ybb`M,1
28-12-1959,2
張芬瑋,0
12011966,2
盧君,0
U0!x!W-m,1
D'p:5I*C,1
Duane Stevens,0
19-08-1964,2
{#G|-[O*,1
史明秋,0
89-01-18,2
Sheri Griffith,0
bL{6dC5!,1
11-08-1973,2
1964-12-02,2
hn*NoGmx,1
韓慧瑜,0
flKTC<UL,1
97年03月15日,2
雷麗婷,0
"qJcQ>V""5",1
董玉,0
/05/27,2
汪昌永,0
07221968,2
$D\H:$+%,1
[Q}4Iz/9,1
69年04月17日,2
蕭欣強,0
邱德,0
72-06-05,2
f]*`WzQ1,1
a7}ERG=n,1
呂政賢,0
08/13/1989,2
/02/24,2
2pX?{+Qe,1
毛伶欣,0
劉心盈,0
11-24-1969,2
C!Ih*Rz(,1
黃芳宇,0
"U42kAU,6",1
26-04-1989,2
李秀,0
IFNI~G0c,1
06171960,2
F6{x-huf,1
01/17/1989,2
Stephanie Rose,0
李欣敏,0
1989-09-02,2
aMl/rXl<,1
86-12-17,2
龍育,0
RY'dt-Xr,1
11-14-63,2
趙琪,0
r2&7CGQ{,1
Z&RAnj5>,1
Joshua Turner,0
04/26/69,2
1995年11月28日,2
6H(TKk7M,1
邱偉,0
"8""0!&3$J",1
毛宗,0
10-18-76,2
牛良,0
<(d!Fr`^,1
09181994,2
潘麗,0
ztCth*:T,1
10/17/98,2
07/01/1993,2
ImjzGK=$,1
Mr. Michael Lewis DVM,0
江琪欣,0
2-9oEszZ,1
07251983,2
Cynthia Jacobs,0
hj!|`:\5,1
中華民國82年08月24日,2
William Thomas,0
19880723,2
"&V&@K""jN",1
q7'{pgF;,1
2003年06月21日,2
Robert Zimmerman,0
"zb,bx$B""",1
1976-04-09,2
孫瑞鈴,0
Ccc%0pin,1
顧信惠,0
民國60年03月15日,2
08-28-1977,2
Samuel Reed,0
]@]Dd=-0,1
鄒萍,0
U3a}F)XJ,1
20-05-1975,2
`=by-t%*,1
王冠彥,0
19940721,2
宋珮貞,0
57-12-16,2
TNM?[ut\,1
kxWjdW_g,1
1989/12/19,2
鐘瑞慧,0
1983-01-29,2
mDpIFH<!,1
萬華鴻,0
fD24kbj9,1
01/08/1999,2
石菁,0
傅珮育,0
23-12-1988,2
"KN+98""vz",1
Fcvhu\f-,1
民國70年05月05日,2
董忠,0
Ryan Olson,0
;At;m*:h,1
10/15/99,2
071081,2
U<mSuYM6,1
朱榮惠,0
oIcQDt!3,1
Michael Harris,0
1994-07-16,2
1974-09-14,2
B~Z~9r]k,1
杜慧安,0
05-05-13,2
Paul Wright,0
e[s'an/),1
楊惠,0
11/07/95,2
~'~m*S-g,1
12201994,2
PVQ3x4n[,1
崔彥,0
田慧,0
03/15/85,2
Cp(@90M@,1
徐彬菁,0
"a,WEhr%7",1
11/11/1972,2
c=k^#x|e,1
謝芳郁,0
09-20-00,2
"'!s6p5=,",1
曹惠,0
民國88年01月30日,2
/05/31,2
胡雯文,0
nqU1fCH!,1
!xDf%}!k,1
賀明,0
12082001,2
孔伶,0
60年07月09日,2
*l@Kycmr,1
Emily Little,0
11-12-1970,2
MAC^2xa/,1
Mark Clark,0
1996年04月02日,2
:ud.{$HU,1
09/22/88,2
/{9Y7(P9,1
梁倫倫,0
TMo+t^y1,1
中華民國61年07月18日,2
鄭美偉,0
>GDz~O*&,1
Nicholas Guerrero,0
04/11/1973,2
韓育佳,0
/02/15,2
u?mO#}`e,1
",3-_q4O0",1
汪孟,0
12151973,2
"P%Zr|""""L",1
郝佳彥,0
08-15-1957,2
金凱鈴,0
11151975,2
7+fKWU7!,1
111992,2
i1#+3|w#,1
Johnny Howard,0
民國72年09月15日,2
李華,0
@j<F(t<R,1
y_[JvE?%,1
吳傑,0
02-16-1999,2
Russell Lee,0
1969/11/22,2
\=j-ClJf,1
楊憲,0
%H*B<AF?,1
10-09-90,2
1964年12月04日,2
金瑩,0
mFKVXYC2,1
1991/07/27,2
嚴建裕,0
DiWmhU?k,1
董聖,0
041181,2
R`~P/[|H,1
QGw\SLb2,1
蘇世欣,0
21-06-1994,2
IG>gv>!;,1
楊美,0
1981-12-20,2
D19VJxR{,1
郭秀,0
09-06-1986,2
1960年11月20日,2
(T-|@'[7,1
雷佩盈,0
I]mXG/[L,1
魏琪成,0
04-11-1986,2
720620,2
~o_@!/h1,1
馬佳家,0
*.Y4A@7},1
中華民國66年07月14日,2
蔣倫敏,0
周靜,0
01/12/1970,2
2b{$(8Ja,1
2000/09/30,2
4g$|q5Ig,1
鄭聖菁,0
中華民國95年03月16日,2
FS5f4unJ,1
張琪,0
1990/12/26,2
姚瑞心,0
S]L8N?kM,1
1995/01/19,2
曹郁,0
%~awP-dX,1
06-01-1998,2
John Black,0
TnRqjB7>,1
江雅,0
R1xVTm;o,1
中華民國63年10月17日,2
"|3""K<|\Q",1
Barbara Brown,0
11-11-2004,2
",uWLL3M_",1
宋琪玉,0
/07/19,2
Gregory Bates,0
_({segvZ,1
87-07-20,2
1+>j-t~l,1
曹瑋,0
1994-11-01,2
FVvL$Ck-,1
廖育芳,0
中華民國88年08月08日,2
04/19/1991,2
YAlfA/A:,1
Felicia Mejia,0
67年10月30日,2
段柏如,0
y@MrqLqS,1
Joshua Horne,0
wY].BFVS,1
041865,2
19-11-1988,2
6VX0*n]M,1
鄧世柏,0
>~>t0ntu,1
閻如盈,0
1966/06/19,2
"%O,l6*-B",1
10-07-80,2
James Ray,0
姚美,0
10/21/2004,2
"6Z{XjgV""",1
05-20-1997,2
oZW!JBrv,1
金智,0
董翰菁,0
\t!fnumw,1
01-31-1982,2
07-29-1979,2
胡俊,0
;VXBFC$),1
06081981,2
Fc[-F\17,1
蔣憲,0
方瑞建,0
$S@P:lz{,1
10-12-1997,2
7<qX\AO&,1
1998/07/03,2
白惠德,0
e704Jg]#,1
呂曉儀,0
06-10-2003,2
董宇,0
06131981,2
bpq4JK[L,1
戴凱,0
oGJ+*os?,1
05-10-62,2
12231962,2
葉英,0
"5]Vi@Hy""",1
牛婷嘉,0
@-A&'oJW,1
民國65年05月19日,2
Christopher Perez,0
yFheE6Xo,1
82-01-19,2
鄭萍雯,0
Gq($}+r_,1
11-05-1999,2
5{s]k|Xx,1
73-04-03,2
孫穎彥,0
2000/10/13,2
孫建青,0
[X_E9nq:,1
任玉君,0
中華民國02年10月19日,2
*ZiD<POf,1
郝志,0
MFJ\l4=q,1
09-04-1987,2
L.}Ncl(f,1
Scott Hale,0
/12/15,2
pxY!qJ.x,1
Debra Williams,0
中華民國73年02月04日,2
餘憲偉,0
12/21/2000,2
"uy""10Sy;",1
G0$+m9un,1
賴儀,0
12/02/99,2
"Rp',Y*om",1
64-07-09,2
Mr. Robert Johnson,0
牛雅志,0
04241998,2
L8TBl~ah,1
04181962,2
vP[j)v2d,1
餘立,0
林倫宗,0
05年06月06日,2
>9>%@bwB,1
於世英,0
10-10-1974,2
hE_F1T2},1
龔裕,0
"""Avq^btt",1
中華民國73年06月07日,2
24-07-1962,2
=su/Bqp`,1
孫郁,0
戴世昌,0
kNhy&G)#,1
19800106,2
05/21/2003,2
",[iT]b#e",1
董弘心,0
中華民國67年11月23日,2
HmL$thEU,1
Lauren Beasley,0
薛家翰,0
P:q:}Plt,1
90年03月23日,2
薛珊珊,0
12/14/85,2
*Z3w+.yh,1
x4P5.p;g,1
蔡瑞哲,0
09-25-1991,2
1977年06月24日,2
#/!Pw4ja,1
賀安,0
民國79年03月05日,2
James Garcia,0
R8)Q1iOD,1
郝珮真,0
"^-eD[p,3",1
中華民國69年07月25日,2
武英彥,0
9&r]p|}],1
1970-01-31,2
黃玲,0
Blr'lDy),1
1999-04-09,2
嚴銘昌,0
07/25/1974,2
<>Q/dL*3,1
79FZOD$f,1
12061962,2
譚文,0
12-04-1961,2
龍俊,0
",z3#rGM[",1
19700828,2
7unGlD>4,1
Sarah Bailey,0
xl3Zv\%!,1
Diana Ingram,0
10142002,2
ZGI2VlnD,1
06/03/1965,2
賴慶嘉,0
魏貞,0
@>OO(@i.,1
06/29/1994,2
11/26/03,2
杜元珮,0
;7Gp~&~|,1
餘龍,0
.'H))?M7,1
061266,2
:vn[27Hd,1
於智,0
00-03-17,2
1985年02月03日,2
蘇儀君,0
y>6\OmFF,1
=kXaip>L,1
19721207,2
郭國麗,0
閻如冠,0
民國68年09月12日,2
"nbB]k?w""",1
80年07月03日,2
蔡靜柏,0
:1k)XDtK,1
石靜永,0
120893,2
TVvlupDU,1
65年11月03日,2
Michelle Gomez,0
"[,QaB(te",1
.ekLv==j,1
民國02年08月28日,2
Judy Burgess,0
廖聖哲,0
Dve=A~~|,1
02/04/77,2
龔曉,0
1992-06-08,2
^du)S_9G,1
鄒宏昌,0
a;p%HdQk,1
012564,2
中華民國63年07月19日,2
oJ+_&*!N,1
熊育慶,0
Kh^V[_|u,1
中華民國71年04月16日,2
姚昌慧,0
Sarah Edwards,0
民國90年06月12日,2
}1G@lpy`,1
j|nxM#qa,1
武志,0
19-02-2004,2
Y]3szJlt,1
Jay Reed,0
07-24-1971,2
{38a8pbe,1
07-18-1975,2
魏惠韻,0
840708,2
汪霖憲,0
"BJsN.5,`",1
02-27-1962,2
龔家,0
n*WoF6&5,1
;A=3&fPo,1
劉敏,0
12/13/1969,2
051767,2
牛民,0
m/i#[ne%,1
S-z2^S.X,1
邱維娟,0
08-09-1969,2
姚惠曉,0
08071971,2
"UHDnl,bx",1
段裕萍,0
04-01-1960,2
v#8Av_TJ,1
洪銘,0
79-04-28,2
2vB[DXqD,1
鐘玉,0
]n`?|W#m,1
59年06月17日,2
f)$[W&$l,1
/02/21,2
施忠,0
/03/15,2
傅心裕,0
",'y`UIsp",1
1988年03月31日,2
"8Y,iC@,p",1
賈民,0
11-11-1995,2
黃琪倫,0
"""y}QYfKl",1
650705,2
黃倫忠,0
OULu#:#H,1
080302,2
尹萍,0
/.u3xiW%,1
Meredith Martin,0
GjhH)3^d,1
07/31/1990,2
09202003,2
"6/,.eD+A",1
孫聖,0
09221997,2
lY~0Q)<\,1
潘民瑩,0
Wr;#/.v8,1
段霖佩,0
11-02-1959,2
@Fn`@)DO,1
蘇心,0
83年07月18日,2
高安,0
+?u}|d;;,1
750318,2
tS<!Q7)E,1
Robert Smith,0
民國67年08月04日,2
19740824,2
吳君,0
x7s%(}7G,1
05/03/59,2
胡龍,0
YZSX-&/4,1
1979/04/03,2
X3{kEp:_,1
唐子柏,0
07-28-1988,2
嚴君惠,0
eha0jutH,1
段子,0
24-03-1960,2
OvhcEkRP,1
1998/10/11,2
潘昌韻,0
7O/c]N=E,1
K>q9K)kP,1
08-27-1987,2
黃昌智,0
中華民國98年03月10日,2
Gregory Allen,0
3`x$f>mw,1
03-04-25,2
蕭凱郁,0
T[Pyzt`6,1
{QPXQ/ZS,1
74-09-14,2
杜萍士,0
/08/06,2
"Ou`_(""Fj",1
馬孟,0
葉秀,0
$nic-7Hm,1
20-02-1974,2
中華民國84年05月30日,2
萬儀,0
/:8p=%TQ,1
`e6ZZVZ_,1
曹文強,0
12111985,2
08/14/1987,2
陳慧翔,0
!Dp*4!lU,1
92-01-31,2
.u9>2WCh,1
段俊,0
03/11/1960,2
-/@&`lEX,1
雷偉,0
"8""~Z'_G>",1
06031985,2
廖傑翔,0
蔡青佳,0
71-09-21,2
stJi2q\f,1
蘇嘉,0
23-10-1996,2
RBnA(UNK,1
7->^%W7',1
10/03/89,2
彭慶智,0
龍雅佩,0
";pM""GU*Y",1
01-30-79,2
02/14/2003,2
David White,0
()%N'~M1,1
10121961,2
[x&i-^4],1
Natalie Pena,0
Johnathan Davis,0
05-25-1984,2
b38`|ZQm,1
Colin Church,0
02年07月08日,2
E%SZF`Q*,1
12/10/57,2
|rHb7AdM,1
常祥強,0
Y%'2'16S,1
潘家,0
/09/08,2
03/12/1966,2
h>D!Cx)E,1
Dr. Kathryn Gonzalez,0
19920630,2
4[5lz-'W,1
盧育,0
09-15-1981,2
方彥民,0
e!5HS2F%,1
呂怡志,0
031171,2
Z$gNLXmv,1
6XaBM[Vw,1
1990年11月16日,2
葉雯銘,0
R!*=Nb_S,1
Nathaniel Cox,0
2001/12/04,2
1980/09/30,2
?3IRV<*<,1
葉珍鴻,0
071358,2
:@#jE`K1,1
周家明,0
高慧立,0
10-13-1981,2
9g*(aH;',1
鄭志郁,0
cN_|1}Q~,1
12-18-1962,2
萬貞,0
[om;P?qM,1
06071964,2
民國94年11月25日,2
*3VY-.tp,1
鄭良珮,0
19590101,2
.dw$JJtR,1
李貞,0
/_.v*gF;,1
12051985,2
餘嘉慶,0
蔡宗,0
/08/07,2
s(lKvF:{,1
05-31-1989,2
V-)^t=h.,1
曹華,0
田彥,0
05041961,2
QEetX%Gg,1
09/25/1979,2
5>dda4QG,1
薛珊,0
田中永,0
06141983,2
:~K!iZpN,1
03-25-1990,2
蔡娟豪,0
#[]@HHvy,1
19580227,2
孔珍,0
`B+]M>~J,1
民國76年02月03日,2
{bPFj!>t,1
雷琪慶,0
08/19/1966,2
馬智,0
bSP0k+z.,1
CBM@1Ul$,1
1976/05/16,2
孫曉強,0
程嘉貞,0
!L&NQNI/,1
01-09-1962,2
"LT,xcy#4",1
周霖穎,0
011488,2
:`pmHo*7,1
12-14-2000,2
許珊孟,0
何靜,0
\yx]n#xh,1
2002/06/18,2
83-06-10,2
U'&`MG@},1
Brian Hensley,0
馬賢,0
民國02年02月24日,2
g<wPW\l0,1
?i9N=$<{,1
08011990,2
熊凱,0
83年02月05日,2
許哲賢,0
"u""9sP'eY",1
05年03月17日,2
龔家宜,0
:soB1%:9,1
Daniel Peterson,0
W=4gh9TM,1
05-25-1996,2
葉育,0
"T]'+&h,6",1
民國05年06月06日,2
04/11/67,2
En1hZeS8,1
譚冠,0
#}I1faq=,1
曾惠智,0
02-28-81,2
20Tg)>^9,1
洪冠仁,0
05/18/1974,2
1997年05月22日,2
鄧憲,0
'|RS@a_3,1
許銘,0
MEFt3kF;,1
92-09-24,2
呂宏,0
<eE-@G`v,1
07-02-00,2
許君嘉,0
11/13/1990,2
X%\~I}i1,1
06/04/1995,2
)|{#%k?/,1
廖銘珊,0
羅娟宗,0
2003-09-06,2
"O($!U+*,",1
zVDW\S-6,1
張芳,0
民國02年05月10日,2
020213,2
"df""#i8S?",1
吳靜珮,0
uDN\y]n4,1
1963年10月12日,2
Wendy Craig,0
白憲淑,0
&66xl\qF,1
92-04-23,2
06-24-1977,2
龔聖彥,0
j3Q]MYmG,1
00-08-22,2
^)<aP<Z+,1
龍信仁,0
秦翔,0
1974-08-10,2
"N;g-N,ec",1
10-07-2003,2
T9i%DE5I,1
郝欣惠,0
傅建,0
08241968,2
t!)BnX&R,1
宋瑩,0
f[m%QzBK,1
08-23-1982,2
07-05-1976,2
Michael Castro,0
l_8BzymH,1
"-M],>c7i",1
Jose Cruz,0
/11/14,2
Matthew Taylor,0
1981年08月01日,2
P:g6(0yD,1
孔俊,0
4Z)iNOh.,1
66-10-04,2
馬怡穎,0
861003,2
=qw2](>a,1
"kof5""r17",1
08/18/59,2
陸心,0
薛美,0
20000211,2
xJDKWuT~,1
羅嘉,0
M5F4p=EN,1
123086,2
中華民國01年07月28日,2
鄧昌宗,0
GS1GL5b0,1
江智明,0
02-02-1987,2
"0Oe*Up,D",1
馮菁,0
04/26/1963,2
:cmnoE;;,1
1973年02月10日,2
白永龍,0
",~Bg$@\#",1
盧佩,0
民國84年01月10日,2
2Os`%gQ5,1
宋弘,0
"""Cg+Ovt9",1
03-03-78,2
03/05/1971,2
武士,0
KQr?]-fj,1
>=gR_i0W,1
譚彥,0
10-25-1960,2
09/08/2001,2
馬珍華,0
K(Xu*'@u,1
Im}&\6`I,1
民國94年03月20日,2
Ronald Wright,0
15-12-1978,2
姜建冠,0
6\3c(&`=,1
01/28/1972,2
Christopher Boyd,0
.@lCCstc,1
Laura Mitchell,0
"Q&UVL,Iq",1
19970505,2
O$*fD!6~,1
蔡家敏,0
12081969,2
3q%ICFFb,1
81年11月17日,2
盧瑜立,0
T:C*zRxd,1
賀賢,0
82年12月18日,2
Mary Barton,0
R)E=#.&Z,1
60年12月31日,2
19610423,2
Carmen Martin,0
s9hZf|4W,1
蕭元豪,0
@w'$mWYR,1
2004-09-22,2
05/10/2004,2
C?PLwjhy,1
Joseph Lynch PhD,0
1980-10-22,2
"62aFJ_+,",1
Jennifer White,0
~]X=n1J),1
92年06月03日,2
史聖,0
gcV)~iB~,1
錢秋菁,0
59-02-13,2
80-12-01,2
~F^o|/x*,1
孟珍,0
+I#VOID;,1
07121977,2
武貞,0
lg7KO%[-,1
郝明,0
05-15-99,2
70年10月24日,2
k(GXCNiW,1
胡翔,0
Robert Savage,0
1964-08-01,2
YK@G[M]2,1
武婷,0
'GTt>k(k,1
09/12/1978,2
nG=j133^,1
05/05/82,2
Lance Rodgers,0
彭瑋,0
03271962,2
xI/#FF_P,1
10-05-1998,2
.ieUJU`<,1
Michelle Dean,0
)=Es7i'#,1
田成志,0
120492,2
03-02-1967,2
Teresa Mitchell,0
LmD9|3DZ,1
洪蓉,0
"c=:g$bi,",1
1960-02-03,2
梁珮彬,0
19960424,2
v9t(n?D{,1
史翰,0
B^20y)$],1
980930,2
Laura Dickson,0
00年10月23日,2
4((kHT)l,1
021565,2
RaNf5/@O,1
魏真珊,0
姚宗,0
VLaTN|7d,1
02/27/1990,2
!HS$.E(w,1
580426,2
方蓉,0
07-11-1999,2
p@)u1cV$,1
Nancy Martinez,0
馮淑,0
30=.P7;c,1
/09/25,2
Caleb Vang,0
99TbFNax,1
02151983,2
中華民國80年03月16日,2
李宗伶,0
n/M*_FW>,1
F9]`^pq6,1
02-25-1993,2
馮文,0
Egd3SXSo,1
張鴻,0
08-23-1983,2
x5'GXcsr,1
孟宗琪,0
10/24/1968,2
/03/17,2
b=+?BKoU,1
唐菁龍,0
韋嘉,0
!~$)Y9H%,1
1999-03-13,2
iH>S_qo.,1
朱成,0
06031980,2
aKFFlPqL,1
餘元,0
01151976,2
DV.hYOo\,1
梁傑韻,0
02/27/2005,2
19640413,2
傅欣,0
AJZ=)bW.,1
1991年04月20日,2
M7wGHKOC,1
龔瑩,0
中華民國67年01月05日,2
邵美,0
:gJP^Z1{,1
12/17/83,2
|5}xN0cG,1
武裕,0
04-11-1964,2
XKQ-bS1l,1
賴成,0
04/15/67,2
AJOY%B>],1
Robert Stephens,0
方惠傑,0
%I+925Iw,1
1989/09/24,2
Michael Robbins,0
02-26-84,2
$''Y9ppg,1
901001,2
]cl3O.4~,1
Russell Noble,0
08-14-1994,2
武國龍,0
j]{vu)iT,1
10-14-1984,2
}L?g<au~,1
沈青家,0
?!fKy??),1
韋翔,0
/02/15,2
1977年02月26日,2
"""Qc$OKb9",1
段哲,0
孫瑞,0
"534Y""h0b",1
1968-01-20,2
Chad Garcia,0
1995年09月11日,2
xKt0-]/|,1
<Kx)`%$a,1
82-12-04,2
韋婷憲,0
Roger Cervantes,0
aD09c[\F,1
10/20/1968,2
1957年07月24日,2
Joy Carpenter,0
i]_&&3jd,1
g6KC+0\\,1
09-29-1973,2
賀宜貞,0
IN1wmWW|,1
韋雅,0
03/28/1962,2
潘彥,0
mpX9LX[7,1
03-01-13,2
Anthony Wood,0
1995年10月05日,2
36#hqUtA,1
"3OP3M,a1",1
田美,0
04/07/1977,2
"""MRQ2rM[",1
曾中,0
27-11-1979,2
康珍,0
[%Wdt{*Y,1
13-02-1992,2
lgK/x$16,1
Joseph Brewer,0
08/03/89,2
侯曉,0
7&FfK2hv,1
19750221,2
中華民國84年01月03日,2
>|b<]z$Z,1
範哲,0
1963/11/05,2
"#+jk,H#>",1
杜政,0
楊瑋,0
ar1yJKUl,1
09-04-1983,2
.-~p+;m?,1
黃琪,0
851119,2
nVD1YUJL,1
武昌,0
19570918,2
韋政維,0
/04/09,2
Z5K3f!Uy,1
David Wilkinson,0
04-11-1976,2
"~s;#{x_,",1
閻青娟,0
072657,2
(lUNoWsi,1
康彬,0
19750220,2
7G=sYMkh,1
1969-08-12,2
馮真弘,0
>GXC(*I1,1
1998-05-07,2
賴韻德,0
STCrYHTE,1
12-13-1978,2
熊傑,0
Ii.Dg5Cn,1
KDO}Oo>t,1
蘇元龍,0
05-25-89,2
08/29/2000,2
}vLEh5>h,1
盧豪,0
cg:sdU)%,1
81年02月08日,2
盧英,0
630430,2
T@>W@wDy,1
Jennifer Pugh,0
孟瑜裕,0
11/12/61,2
{1<jw<!k,1
梁賢君,0
92年08月07日,2
eZ-EG&MD,1
孔婷君,0
HT5jZDGW,1
59年12月23日,2
25-05-1971,2
杜忠惠,0
<aW%^;>D,1
P-T}<}J0,1
孫菁,0
10-26-1976,2
金子士,0
%T+hYs?;,1
700622,2
10-16-60,2
常娟,0
"\I""5j^(l",1
蕭瑩心,0
"lhk""<c(m",1
11-07-58,2
郭安,0
"a<,|AZSq",1
04-12-14,2
Noah Livingston,0
09171967,2
(mo|NArQ,1
;AxgEdMp,1
程麗瑋,0
09/09/81,2
10/07/1980,2
$@ZKia!k,1
史瑜彥,0
程鴻,0
04-30-1968,2
9[%Y2O<p,1
5.X2%VMO,1
19900217,2
Monique Warner,0
1999/12/14,2
Benjamin Marsh,0
"_%""+"">{2",1
>)A2zw+>,1
Mark Alexander,0
19820615,2
Brent Whitehead,0
74-08-05,2
\3A$1AM-,1
中華民國61年10月17日,2
"&(m.)t,C",1
常瑋志,0
]YgV^oQM,1
方俊,0
民國95年08月17日,2
=;a&/.nA,1
05051993,2
白菁元,0
10221960,2
龔民倫,0
DRpg0QxC,1
78年08月13日,2
汪翰,0
_-oi/HVy,1
Rebecca Foster,0
07-14-1959,2
mx2+~=R.,1
高珮,0
11051961,2
5]]idu7p,1
`xvslXF},1
施宏,0
1981-01-18,2
孫安穎,0
"W"")J)43H",1
中華民國75年12月12日,2
"Cn""w9`L4",1
丁國瑜,0
04-04-1994,2
63年09月30日,2
#fO_tXa1,1
方玲,0
1971年07月26日,2
ffW:c6E?,1
姜婷,0
xt|y*z1',1
85-05-08,2
胡偉珍,0
68-08-23,2
沈郁儀,0
'(2/Sf@X,1
19700305,2
"""b.%7[\B",1
金心民,0
常芬柏,0
Xxt$[`=[,1
1978/02/21,2
胡宜,0
08201974,2
Hq{GfZ@^,1
02/22/1966,2
vTjOLa)A,1
龔青美,0
張慧,0
12-25-1971,2
qYc+2-W0,1
04-03-1959,2
杜俊珮,0
#2Xuh]G/,1
民國81年03月05日,2
尹雯盈,0
pMxLe:<y,1
David Suarez,0
"Wj,>6--[",1
10/22/2002,2
fb8d;_xJ,1
鄧正嘉,0
1991年12月09日,2
10272002,2
<jmp70lM,1
康冠嘉,0
1968年03月06日,2
sHAfn7@h,1
姚文嘉,0
W7JU[WBz,1
Erin Matthews,0
10-21-81,2
Ashley Anderson,0
cTxf(0+[,1
1964年06月05日,2
05/06/03,2
Jwns)ZR4,1
郭君,0
1969年04月21日,2
p\G2yI>d,1
林伶雅,0
5wnx`ny`,1
常安世,0
05/17/1974,2
蕭珍,0
/08/20,2
"lKQeU@""T",1
q+N{@:9C,1
Vanessa Schaefer,0
11/01/89,2
11-26-60,2
tNCuoHi(,1
Kimberly Reyes,0
}CR-pe?<,1
032678,2
吳伶,0
[cO$h9q[,1
02-05-1973,2
於玉,0
",'Hy#_KZ",1
廖中蓉,0
750117,2
06/06/1996,2
曹欣,0
"wB1,:}vZ",1
08-28-1992,2
程士,0
Z*La]4>H,1
康秋,0
"w=7,X&So",1
08/22/97,2
N\[@^sMJ,1
941004,2
常中,0
餘宗正,0
sdvlgIg&,1
02/24/1985,2
08-10-1982,2
杜靜,0
d-M!tZjg,1
金孟玲,0
19580408,2
(DcoF)GN,1
04/24/85,2
(A2oskT8,1
侯強信,0
段欣欣,0
1971年03月17日,2
;8lp=^t.,1
"|,Ul{OGQ",1
田中蓉,0
03-11-1960,2
Bradley Robles,0
中華民國64年06月11日,2
=bIFO^1r,1
"A#6tqr(,",1
19980922,2
曹世榮,0
閻盈,0
LmnNA72L,1
12-27-60,2
Christopher Smith,0
1965年10月25日,2
"9B,BR+F7",1
1980年07月20日,2
崔菁,0
8&L8C8Kr,1
930903,2
"""3*RjqLv",1
Colleen Lopez,0
1L]v1TwR,1
1974/06/01,2
蕭伶,0
郭瑋,0
P_XEwBM1,1
01-23-1983,2
04/25/1988,2
#o6|{@FC,1
郝珮,0
[_x68qlw,1
Stephen Becker,0
08-06-1970,2
Mitchell Price,0
26-06-1970,2
;!`4\R(l,1
William Smith,0
01/04/59,2
A}=PY?BY,1
=S}?=^X?,1
廖伶民,0
10/28/1984,2
F6F!t5ZH,1
04222002,2
馬盈,0
彭宏,0
#>e9jw^0,1
022476,2
民國90年04月19日,2
王心,0
<u6ug$lN,1
?5*#(msr,1
01221975,2
蔣瑩惠,0
1994-11-24,2
=z_v@2NF,1
田育,0
袁心強,0
LaTsrn$1,1
1974/06/24,2
譚珊,0
92iP'Tvq,1
11-01-1984,2
"j/'v>v,:",1
程弘傑,0
1995-08-05,2
B/t.DzQn,1
1986年06月16日,2
Ms. Pamela Walsh,0
Jason Ortiz,0
"r""[xbzVN",1
01052003,2
Puq6.$nS,1
31-05-1972,2
洪世,0
19600313,2
b`2D&v=f,1
Patrick Ewing,0
張祥,0
06-01-2005,2
"n""$""i`Me",1
]W.Jo6I8,1
謝孟,0
08/17/1987,2
施如盈,0
c0ZkWqhr,1
122892,2
沈慧菁,0
S{'pst/*,1
03191991,2
n3{m=UiT,1
Tyrone Williams,0
1965年08月07日,2
oOyN6s$R,1
07-06-1986,2
吳琪,0
08/26/1983,2
陳儀,0
KShx(+K{,1
於珮淑,0
)PIM%Gw=,1
05081975,2
董榮永,0
N&K\)oU$,1
01301982,2
/04/24,2
陸立孟,0
)&SGz|e^,1
"qr]T:L,/",1
1991年06月04日,2
楊士,0
",7TjtRX&",1
Kathy Ibarra,0
民國04年01月04日,2
杜永,0
16-09-1957,2
hwv^x6w),1
1971/11/14,2
江珍萍,0
a^z?D86\,1
01-11-22,2
++U_<\G2,1
崔慶明,0
/08/24,2
]lkC|%k#,1
蔡嘉維,0
610821,2
呂慧世,0
tg/*s^o>,1
1963/01/08,2
`>5/!%eZ,1
馬裕,0
蕭貞孟,0
/07/29,2
&Y6xzAzR,1
1964年12月31日,2
gdI*8HCw,1
吳宏敏,0
姚佩,0
"Q|[,S-:.",1
中華民國01年09月12日,2
周娟,0
P^`6tI~y,1
02141993,2
宋聖,0
"XX$!#u,r",1
96年01月28日,2
